SoundRoomTable,songNumber,songLength,displayCondition,songName
0xA20E74_0x45,32_h,32_d,32_p,32_h
0,0x1,2640,0x0,0x78b
1,0x2,5880,0x0,0x78c
2,0x3,4140,0x0,0x78d
3,0x4,3720,0x0,0x78e
4,0x5,4560,0x0,0x78f
5,0x6,4440,0x0,0x790
6,0x7,3840,0x0,0x791
7,0x8,3900,0x0,0x792
8,0x9,6420,0x0,0x793
9,0xa,5640,0x0,0x794
10,0xb,4980,0x0,0x795
11,0xc,4560,0x0,0x796
12,0xd,5820,0x0,0x797
13,0xe,4680,0x0,0x798
14,0xf,3840,0x0,0x799
15,0x10,2460,0x0,0x79a
16,0x12,4980,0x0,0x79b
17,0x11,5640,0x0,0x79c
18,0x13,2820,0x0,0x79d
19,0x14,5100,0x0,0x79e
20,0x15,4380,0x0,0x79f
21,0x16,4440,0x0,0x7a0
22,0x17,4440,0x0,0x7a1
23,0x18,4980,0x0,0x7a2
24,0x19,1500,0x0,0x7a3
25,0x1a,1680,0x0,0x7a4
26,0x1b,1680,0x0,0x7a5
27,0x1c,1440,0x0,0x7a6
28,0x1d,2040,0x0,0x7a7
29,0x1e,3840,0x0,0x7a8
30,0x1f,660,0x0,0x7a9
31,0x20,1440,0x0,0x7aa
32,0x21,840,0x0,0x7ab
33,0x22,660,0x0,0x7ac
34,0x23,1800,0x0,0x7ad
35,0x24,3180,0x0,0x7ae
36,0x25,2040,0x0,0x7af
37,0x26,2520,0x0,0x7b0
38,0x27,2700,0x0,0x7b1
39,0x28,2940,0x0,0x7b2
40,0x29,3180,0x0,0x7b3
41,0x2a,2160,0x0,0x7b4
42,0x2b,4200,0x0,0x7b5
43,0x2c,2880,0x0,0x7b6
44,0x2d,3720,0x0,0x7b7
45,0x44,3900,0x0,0x7b8
46,0x45,2880,0x0,0x7b9
47,0x2e,3300,0x0,0x7ba
48,0x2f,3420,0x0,0x7bb
49,0x30,2160,0x0,0x7bc
50,0x31,3120,0x0,0x7bd
51,0x32,2220,0x0,0x7be
52,0x33,3960,0x0,0x7bf
53,0x34,3960,0x0,0x7c0
54,0x35,1260,0x0,0x7c1
55,0x36,1080,0x0,0x7c2
56,0x37,900,0x0,0x7c3
57,0x38,2520,0x0,0x7c4
58,0x39,1740,0x0,0x7c5
59,0x3a,360,0x0,0x7c6
60,0x3b,1320,0x0,0x7c7
61,0x3c,420,0x0,0x7c8
62,0x3d,420,0x0,0x7c9
63,0x3e,2160,0x0,0x7ca
64,0x3f,1620,0x0,0x7cb
65,0x40,2760,0x0,0x7cc
66,0x41,6240,0x0,0x7cd
67,0x42,9120,0x0,0x7ce
68,0x46,9360,0x0,0x7cf
69,0xffffffff,0,0x0,0x0
70,0x2020188,33687944,0x2021188,0x2021388
71,0x2,134934213,0xe,0x0
72,0x2,134934249,0x0,0x0
73,0x3005410,14,0x0,0x2
74,0x80af221,14,0x0,0x2
75,0x80af229,3,0x80af22d,0x0
76,0x0,14,0x0,0x2
77,0x80af525,262168,0x80ae2d1,0x14
78,0x80ae2a1,20,0x8002a6d,0xb
79,0x0,3,0x80af8a1,0x1000b
80,0x0,2,0x80afbbd,0x3
81,0x80afc61,3,0x80afc99,0x2
82,0x80afce5,3,0x80afcf9,0xc
83,0x0,131083,0x0,0x2
84,0x80afbbd,3,0x80afc61,0x2
85,0x80afd49,3,0x80afd5d,0x10000e
86,0x0,3,0x80afdf5,0x3
87,0x80afe8d,2,0x80afce5,0x3
88,0x80afcf9,1048590,0x0,0xc
89,0x0,196619,0x0,0x3
90,0x80afa65,262168,0x80ae2f5,0x14
91,0x80ae2b9,2,0x80afa95,0xe
92,0x0,0,0x0,0x2
93,0x5504008,2149597184,0x20512,0x80004000
94,0x40000552,85360672,0x40000002,0x5568000
95,0x80204000,328986,0x80004000,0x40000500
96,0x5048020,2151694336,0x40000508,0x50c8060
97,0x40800000,197904,0x40004000,0x40000560
98,0x5644020,4194304,0x10568,0x0
99,0x1014f,1073758208,0x10140,0x0
100,0x1014e,0,0x10144,0x0
101,0x10145,0,0x10146,0x0
102,0x10147,0,0x10148,0x0
103,0x10149,0,0x1014a,0x0
104,0x1014b,0,0x1014c,0x0
105,0x14d,144839862,0x8a214be,0x8a214c6
106,0x8a214ce,144839894,0x8a214de,0x8a214e6
107,0x8a214ee,144839926,0x8a214fe,0xe
108,0x0,2,0x80b031d,0x3
109,0x80b0325,0,0x0,0x60000000
110,0x0,26624,0x78008000,0x80000000
111,0x7800,2,0x80b04bd,0x2
112,0x80b04f9,4,0x80b05c1,0x3
113,0x80b05c5,0,0x0,0x2000968
114,0x2000d68,33558888,0x2001568,0x2001668
115,0x2001368,14,0x0,0x2
116,0x80b0add,524312,0x80ae2d1,0x14
117,0x80ae2a1,11,0x0,0x3
118,0x80b0d39,6553612,0x0,0x1000b
119,0x0,2,0x80b1021,0x3
120,0x80b1289,2,0x80b1351,0xc
121,0x0,131083,0x0,0x2
122,0x80b13bd,3,0x80b15e9,0x2
123,0x80b1621,12,0x0,0x64000b
124,0x0,524312,0x80ae2f5,0x14
125,0x80ae2b9,2,0x80b166d,0x0
126,0x0,4915216,0xd0ffff28,0x3001f01
127,0x25fff811,100725023,0xc008f55,0x40030055
128,0x1f07105f,525688817,0x5f5f0051,0x5555bf1f
129,0x82811f,357928707,0x1605555,0x5155005f
130,0x511551f5,352383317,0x15ff5521,0xd15552f
131,0xf555bf11,27271040,0x3003005f,0x2d0055bf
132,0x55511270,1358959093,0x7ff11155,0xa571555
133,0x1755557f,1377024,0xbb508803,0x20b80300
134,0x5f888103,415170581,0xf8751531,0xb54015af
135,0xaf580310,2004316715,0xbb035080,0x8b7b728f
136,0x2f0072bf,1596407643,0xbb3ffb,0x7b3f185f
137,0x3777a35f,2004038400,0x7777443a,0x779e0033
138,0x774437f7,855667957,0x43748f77,0x7d75f8
139,0x23823d3a,1431655509,0x3102550,0x44800045
140,0x225515,858068309,0x33211525,0x1a125400
141,0x12155112,858988705,0xc7c30100,0x322e33
142,0x22123233,588395042,0x11314200,0x21211223
143,0x13110023,1395741474,0x33343ccc,0x100140c3
144,0x6003126,855651265,0x1333c134,0x535c1c5
145,0xcc71cc13,1996554444,0xc3180530,0x9007ccc
146,0xec7c0370,117481674,0x77090077,0x7777cc77
147,0x77a37c00,1940683463,0xacd300a7,0x7373acda
148,0xd306ea23,3739004275,0x1701a00,0x30080a3
149,0x77c77aad,3654263,0xc7d77dd7,0x7aadd777
150,0x1100e0,2080575503,0xccc725a7,0x773ac500
151,0xc7d77c57,2004616359,0x7937c7,0x5dc217
152,0xbd3d5555,4234499413,0x85bb5b00,0x88bf55f2
153,0xccdd005d,3185322845,0xbb0022ff,0xbffdfffb
154,0xc655bb,845733340,0x5cc28555,0x5ddc5b00
155,0xdd553ccc,3721920556,0x5d558255,0xdd00cad5
156,0x55323db5,190045695,0xb5dddd55,0x115b1b01
157,0xa00a1,4217232861,0x5f555ddd,0x5d3320
158,0xddd5550d,25212245,0xb55bb59e,0xb55d5b5d
159,0xd55bb510,3013945856,0xcb00555d,0xc5bb55a5
160,0x38bb8aa6,3741382053,0x200ef30,0x1c73ac
161,0xac7711cc,2809607027,0x7753aa00,0x77ac2dec
162,0x707d603c,3306095068,0x7eac777c,0xaaaa7c00
163,0x3dd37c7c,2004289235,0x11c7d35d,0x771e501a
164,0xe3011540,930576172,0x77007c5d,0x77dca713
165,0xd7a72a,4294649719,0xbbfffbfb,0xbfbbbb00
166,0x5fbbbbde,1224671412,0xb8bffab5,0x5500fabf
167,0xfb545fb6,16046920,0xbfff34bf,0xb55bbbbb
168,0x300fb60,3163235072,0x333abb,0x5d44bff3
169,0xa5b535b5,4291616002,0x3c388f,0xfb003b3a
170,0xfb335fbb,3947455,0xb3933dcc,0xbb9ecc9c
171,0x34d99e00,3411765695,0xbb3900c5,0xbb536c9e
172,0xb500cbfb,3050060795,0xb38cbf,0x8538cbfb
173,0x9cd5ccbf,2357628160,0xeeeee698,0x67ee001e
174,0xb3c81e66,1560340571,0x5f6e6c5b,0xc6666c
175,0xd8976669,4223755905,0xb9167900,0xc6c797c5
176,0xce67006e,921622753,0xc300997c,0x6d79466e
177,0x447e67,2582169187,0x99761173,0x79117e00
178,0x89ce6c11,1743519857,0xa4427466,0x23028882
179,0x88ffff58,1476591861,0x85040080,0x588f1188
180,0x2a001f55,572479618,0x81f8882,0x88888888
181,0xfff19d93,1493108753,0xa00311ff,0x80f8888f
182,0x11f50f00,536408565,0xff5106f5,0xbf111f
183,0xf112001d,2403598512,0xcd430300,0x15115581
184,0x81158101,789938463,0xbf500300,0xff0310
185,0xf5555f0f,33505413,0x558ff5d2,0x428f1b11
186,0xf5010015,59250015,0x550c58bb,0x2358f5f5
187,0x75bb23d7,3206480469,0x77855558,0xdd8fb793
188,0x98030300,9700181,0x15a31301,0x18501104
189,0x215fb01,1435179020,0x154485,0x558b5803
190,0x2518bb00,4169107460,0x300b8b5,0xf800bfbb
191,0xf85f8bb5,49645749,0x5b88b8f8,0x100bb88
192,0xbbb80088,2239461368,0xbb01bafb,0xbbb7fb55
193,0xc201fb5f,3149617152,0x77bbbb55,0x7bbb00bb
194,0x737bbbb7,1929427899,0x3d857355,0x80e77388
195,0xba370700,3073867055,0x777a0abf,0x10127f27
196,0x77240027,1397466880,0x84e6c276,0x43c20089
197,0x43e24b8e,2030082900,0xbe648ee3,0x465437
198,0x468a7744,1302833902,0x32159600,0x22a12231
199,0x511e0015,1364269470,0x31005eee,0x3222e221
200,0x222991,585732386,0xee55552e,0x3c312e00
201,0x33327137,57755699,0x10227ae5,0xc5732203
202,0xc3323310,2083717888,0x33082222,0x3accccc
203,0x77d7cc62,1695775852,0x13d7b733,0x739852b0
204,0xdedd0043,3732263996,0x3e007c47,0xa77d4c73
205,0x18c7c373,1115453495,0xd70520b6,0x77007437
206,0x7c74ec77,416672967,0x23c7777,0x780320d5
207,0x20a8dd77,67165476,0x5e0700e2,0x7d04ddd7
208,0x5777dd55,3711753730,0xdc77cc10,0x3ddd1900
209,0xdd30ddd7,79103068,0xd377cc57,0xcc7c20cd
210,0xccc30e13,2350556,0x5acccc7c,0x257c33c3
211,0xddc33c00,3284653882,0x22370074,0x32e3ca22
212,0x3c407323,3795588096,0xccc3c332,0x44007748
213,0xd400c7cc,30785467,0x5d555dad,0x233dd355
214,0xc30380b0,3713384381,0xc0d5bb5d,0x3100a00
215,0x77a3c7a1,777045962,0x3ad700,0xd777c103
216,0x7dda03c7,3436367052,0x2007500,0xa7c7c300
217,0xa77dc37d,3351380167,0xcc73c7ac,0x7c0177a7
218,0x737d5ccc,3036930935,0xcccd7c00,0x3cc7d733
219,0x274033,3721603021,0x87ee777,0x733ccc77
220,0xc7dcc604,1942421708,0xd733333c,0x7c00d7cc
221,0x3f333c7d,14374331,0xabb5553f,0x5afb5d35
222,0xfff53b00,4294695749,0xe0018ceb,0x5bffd5
223,0x538f008d,1423638778,0xb435fabf,0xd3015455
224,0xdd54ddbe,52483412,0xddb65d01,0xdd53bbb8
225,0xfb005404,1540570747,0xb55673,0xbfb87c3d
226,0xc5b8cddd,1490769152,0x5c8d5b3c,0xd3db00dc
227,0x33dbccd5,3607153859,0xbdcb793b,0x8dc63b
228,0xe69ecdd8,3893988553,0x9768c800,0x7e66c3e8
229,0x8ccc00e8,2352801926,0x16006888,0x9c1ee6e1
230,0x1666c9,2624489710,0x1cc6eeee,0x886ee200
231,0x8e686e46,1752039532,0xe666ecc6,0x6700ae6e
232,0xc763d9c6,8309203,0xee61e6c8,0xeee1c866
233,0x616c3c00,3783157367,0xe6e700e7,0xeeeee7ee
234,0x7700ee7e,3885568494,0x2076117e,0x3307777
235,0x7611eeee,426115694,0x6ee66e78,0xe60204
236,0x9999996e,2576958481,0x94771910,0x79770340
237,0x7710ee16,50337655,0x6777ee97,0x11147e05
238,0x3101111,151191575,0x11119997,0x99112a00
239,0x47420100,2541161216,0x7dd79999,0xb903985f
240,0xd603f115,2289400071,0x6e13ebff,0x13037e7
241,0x153b07f5,30442759,0x11ba13a0,0x88f1ae05
242,0xc0f11555,26257939,0x55115558,0xf1005518
243,0xf1551185,173404607,0x58f8ffb1,0x8085a303
244,0x808103,536376579,0xff18b588,0xf87f8707
245,0xa313875f,50336256,0x88bbbb00,0xf8bbbb8f
246,0xb303a07f,1594556511,0x5588bbb7,0xb7a303b8
247,0x1604105,2994190099,0x227200bb,0x727bbb72
248,0x7758bb77,280101632,0x7b030014,0x7b007277
249,0xfffbb777,16742263,0x85f7785f,0xb75f8b8f
250,0xdbbd8f00,866626135,0xa7a700e4,0x3d3a4333
251,0x47004333,1027881526,0x443aaa,0x337a7a7d
252,0x3355a774,2779411464,0x2e97074b,0x52002944
253,0x5995aa2e,5589545,0x555a251a,0x19542211
254,0x54e55500,2770424593,0x31e23021,0x310a313
255,0xcc3323c3,3004417856,0x33c3a132,0xca00aa22
256,0xaa3a1222,1154101538,0x7c875347,0x500d777
257,0x7700d779,3437049053,0x1ddb7d7,0x7d37cccc
258,0x3dd7735,3614909339,0xd7dd6703,0x71037d
259,0x7d440c,2011023112,0xdddc0d20,0x7c7739
260,0x101d0013,64870170,0xf5438086,0x7ddddddc
261,0x20dddd74,403749821,0xccd77d58,0x61208423
262,0x37cc333d,3293411843,0xedcccc01,0xa77cc3c4
263,0x3e00f503,1932735356,0xc323dc,0xc3233cdd
264,0x233eec77,612617472,0xce333c13,0x3c3c001c
265,0xc9332335,856194428,0x3333cc3,0x33cc33f3
266,0x22322302,270672610,0x82088501,0xc43323
267,0x8c7ce417,53707307,0x8b03cc4a,0x4680873
268,0x11080a7,506671778,0x7dc33311,0xe603a7
269,0x580814,1929576467,0xd7002904,0x37d721c7
270,0xcdc5c3,1010484138,0x777add7a,0xcc7d740e
271,0xad047c,867173293,0x3d7ccc00,0xa7d7ec22
272,0xdd4e0035,1017328044,0xa300d8ac,0xbfdd4777
273,0x485dddd5,3720677339,0xbb0800dd,0xb500b555
274,0xfbedddd5,11394356,0x2a552aff,0x228ba45b
275,0xbb1200b0,520100096,0xd5bf3ddd,0x5d333d16
276,0x35b0800,3674411193,0xddd33300,0xddd5d5bb
277,0x5d405b,3149258008,0xbd33dd,0x55dddc5b
278,0x5b5dd45d,1434747904,0x53e4d4d5,0xdd54004d
279,0x5ddcc333,3691039797,0x53ccc5fb,0x203ccdbb
280,0xab005f5d,3274998741,0xb44d00bb,0xa544bb55
281,0x68015bdd,2261092488,0x7b126888,0x3008d40
282,0xcc99c88c,2566949068,0x48ccd5c3,0x40b4cd83
283,0x66c10393,1720486126,0x8888096e,0x1e006666
284,0x400cc68,2352794625,0x888cc8cc,0x88302700
285,0x38403cc,1718513290,0x20664086,0x68889124
286,0xc39181,3331930396,0x39c1c916,0xe8399108
287,0x6ea8138e,3993528038,0x66eeee,0x6918c804
288,0x168c6600,1675396713,0xbd860599,0xdb3863
289,0xc7037e16,2250375296,0x666eee63,0x690016e6
290,0x61189eee,13180518,0xcc19dcc3,0xee1cdcee
291,0x99997e08,396887022,0x79109e77,0x300e711
292,0xee977e81,435052800,0x17779163,0x7e11046c
293,0x18588877,16733694,0x111f582b,0xf55f5588
294,0x5407f55c,279184373,0x11ad3303,0xda0a80f8
295,0x21155f1b,1307937557,0xf15e072f,0x171d0011
296,0x1c007b33,357927680,0x115b2f75,0x5b510087
297,0x5ff15bf1,2164282101,0x751f1582,0x407f555b
298,0x851a0b52,2348241237,0xf1b10055,0xb8f15517
299,0x71005b15,1904956802,0x1088f888,0x10f58871
300,0xb87f5803,2139619579,0x8825f8bb,0xb804828f
301,0xb7822f88,2293697536,0xbabbbf10,0x8f8b0310
302,0xbb21babb,4286186495,0x8fbb8b7,0xafbb04f8
303,0xfbbbbb,28049155,0xb77ffbbb,0x75fbbb
304,0xbba5000e,3149904763,0x22007b77,0xbb7b7772
305,0x7b777f,2071418199,0x7b73b8f7,0xdd7720
306,0x77a77703,159427191,0x853333a6,0x5255d374
307,0x8ba77400,3073617239,0xd33d0057,0x33335ab3
308,0x3a005383,1193509843,0x7d8ddd,0xa4b33de7
309,0x3ee86783,3880159232,0xb44eb73e,0x47bd003e
310,0xa7444e42,3992995486,0x9e466992,0x49ee99
311,0x95eee4ee,2569117201,0x31121a00,0x33111229
312,0x31120022,1360716323,0x21002222,0x35122313
313,0x1432a2,842711864,0x33ddcac3,0x3003340
314,0x32dd35c3,8569539,0x32cc250b,0xf5023e33
315,0x323c0132,3711121459,0xa3037d,0xc7dd5ccc
316,0x7d77ca2c,46836786,0x3c0300e7,0xec55033a
317,0x3c0b0080,2272778199,0xc70077d7,0x7dddd544
318,0x5cddd3b5,2108556253,0x5707ae23,0xddc7b413
319,0xbdd3dd00,2111364412,0xd9dd003a,0x97dd7acd
320,0xdd10d4ad,3372366781,0x7dddcdd9,0x7d987b00
321,0x135877dd,2201157829,0xecc3c35c,0x830033e7
322,0x55eea744,14937540,0xe5a87be5,0x3955dbc3
323,0x73d87700,3972386268,0x450780c4,0xcc382374
324,0x9cccd4,3402398412,0xa3337acc,0x88c37c02
325,0x4ce7ca3,3992990579,0xe33ca3ee,0x3c285e
326,0xc3cc11e3,2210900707,0x338eee00,0x3488e233
327,0x338e0088,955182762,0xee26e8a1,0x33a30038
328,0xa00381,3422585608,0x2233383c,0x603cc388
329,0xb70338,2666062603,0xca00aeee,0xca7ddacc
330,0x3cd4dc,2094674881,0x3cd4c3ca,0x3a33ce00
331,0x7a823e38,2093875415,0x3889e8c4,0x4c0095e1
332,0xa337477d,3621757,0x2355cc47,0x33ea2e18
333,0x78c2ec00,846564483,0x3aee0028,0x3e8e283a
334,0xd3008eee,3047525028,0x4d55ca,0x4dd5c4dd
335,0x4d3d243d,1036268288,0xcd3a3348,0x5cdd00a8
336,0xdcd32cd5,889227485,0xdd5d36ed,0x5364aa
337,0x3d5ea335,3554004173,0x3307d550,0xcd3404d5
338,0x33ccc3,1027394765,0xb344da54,0xf3a55400
339,0x5ba354fd,1146355802,0x3c44d435,0x440054d4
340,0x345cc4dd,5655613,0x5a4dd3d4,0xc39dd94b
341,0xccd84500,3813946164,0x4cd30059,0x4dd3d39c
342,0xb5083534,20797493,0xd33d335d,0x9c33dd00
343,0x638397d4,2208171324,0x898dd5d,0x3009630
344,0xed004648,50384204,0x3dd335,0x7888dd4c
345,0x99888ccc,3435694344,0x3cad1479,0xdc003ddd
346,0xf533c3bb,12400843,0xbfd38cdb,0xd935c88c
347,0xfe394900,4099228921,0xb5990054,0xf45997b8
348,0xbf0049ce,2234804638,0x39891e,0x3e899e88
349,0x3f586288,2545780224,0x11c3c665,0xe68c008c
350,0x66e66691,1006667489,0x333881cc,0xc6c9cc
351,0xd581c333,2262925036,0x1eeee612,0xe87ed603
352,0x80e8de03,2288828419,0xdd331688,0x47940c3
353,0x777ec117,7956302,0x1177e8c1,0x816766c6
354,0x86666c00,1819207265,0x36e60097,0xc6661c8d
355,0x67407c6c,2256604420,0xf55885e6,0xf588551f
356,0xed1aea0a,3979215616,0x4f40150,0x1b5dd76b
357,0x551e5033,2132128772,0x98031563,0x8885a31e
358,0x20410755,3393706275,0x3773b07,0xbbd20a7a
359,0x2002b,733710370,0x2bb88872,0x304b0bf3
360,0x75c0727,125467477,0xe2440930,0xdb0c0300
361,0xbb220800,2240481163,0x22b88800,0x77777377
362,0xe21d9682,839755645,0x692033a,0x2250772b
363,0xb84d00,2004335474,0x77ed00d3,0x3a33333a
364,0x4d064433,3553940275,0xba031c16,0x22bb0033
365,0x2777a72b,3993008763,0xd444de96,0x4d3d62
366,0x44d4644e,1145324765,0x444ddd00,0x4e44d3e4
367,0xdb03c04d,1849962287,0x4e69ee44,0x4ee6ee10
368,0x66ee1f05,3993003670,0xe46e696e,0x6beeeee4
369,0x6710aa,3691550319,0xbb20225,0xe988202e
370,0x2ee99706,832145538,0x1f008299,0xeee20130
371,0x8d10282,864566322,0x33387707,0x582407c
372,0xc3382edb,9716796,0x44aa8e99,0x3c38aaaa
373,0x2e9e821,3430776062,0x707c07c7,0x109f06c7
374,0x33a40a01,212519048,0x38aaa44a,0xad334d00
375,0x1fc0d777,3619751712,0xccc77ddc,0x8383007d
376,0xb99e8583,3422584731,0x77ccbbb8,0x10dde3d7
377,0x78cd77d,2094910591,0xa3c40d7,0xcdc8885d
378,0x2399bb9,3951664012,0xed03ccfc,0xac84b3c
379,0x237c366,2802531539,0x3c00d902,0xaa48cf88
380,0xaa49e8,2308542378,0x9937cc88,0x83ccee00
381,0x98cceeee,2275279081,0xbe99999e,0x9962bb9b
382,0x7e00bb10,163090090,0x8e0083b0,0x3ee3e9e3
383,0x99998c,1503258761,0xbbb9eee9,0xaa954b02
384,0xba1aaa,1258308799,0x998888e9,0x8099eee9
385,0xee8e2306,952907918,0x9e370173,0xaaa49888
386,0xc0cb094b,2602386192,0x38ee888e,0xee108c7c
387,0x3b008333,1485722965,0x1a1600b4,0x1f101e00
388,0xe81e0011,1835729083,0x722d6666,0x42002722
389,0x27222444,441000482,0x10222427,0xda01101f
390,0x196dfc30,937240354,0x920110f8,0x81e5091
391,0x6d7ddd11,3722263552,0xddd610d2,0x6626006d
392,0xcdd2222,689541478,0x24003f10,0xb6001199
393,0x5466bb66,408605661,0x7dd355d,0xdddf1b96
394,0xdc0088b5,3431093589,0x90822288,0x3d558000
395,0x3ddd2c0c,282645811,0x55bd1f03,0x700ca07
396,0x3855dc82,603990749,0x7005b916,0x2d333d5
397,0xdd3ddb5d,1124128093,0x300c035,0x883d9310
398,0xbb44aaa2,3553108736,0x83dc88c3,0x55c800cc
399,0xc3c3d388,989901788,0x833ddccc,0x10a8db5c
400,0x14a8a44,4124939327,0x3868005f,0xc8d5c668
401,0x7800333d,1204640693,0x3e66355,0xaaaa6844
402,0x37024944,3355443472,0xe8c82288,0x8714444
403,0x44474444,2755948033,0x4944004a,0x444994a4
404,0x91209119,3873378329,0x77499aee,0x77eee700
405,0x8e667499,2004096329,0x7703006e,0x1b910310
406,0x1f00c054,2118431234,0x6c68c887,0x3c88e700
407,0xd86e77e6,739278967,0x19c6ee77,0x80686791
408,0xce99ff10,2287311224,0x85882858,0x855003
409,0xf5888802,57869250,0xf55ff8b6,0x55040f1f
410,0x7ffff511,1435018001,0xef250058,0xdc431d00
411,0x2385c933,547554251,0xe0672f22,0xb4071e30
412,0x33889f13,104048506,0x77728b7d,0x1e6a0327
413,0x5f00bb94,2411445031,0x2bbb77,0xb2b27332
414,0xf5277773,62005792,0x77733ae0,0x7a40a72b
415,0xbbb24f23,1610307717,0xb588520,0xb7b5bb1e
416,0xbd0abbb7,62623163,0x6f033a4b,0x4f0380aa
417,0x33b88533,817399971,0xd14558b,0xd2eef703
418,0x8704ddd3,3739045587,0xa333c203,0x33dd3300
419,0x7bbbb88b,50364549,0x9ea77b27,0x6672de
420,0x36e33b7e,2531716787,0xedd39903,0x4dde66e
421,0xc4fb03df,1225804544,0x3ab3333,0x996a48
422,0x82ee9cd4,2576974648,0x122e938,0x22972332
423,0x88544498,4294617600,0xd3bffac7,0xd60090ac
424,0xdf402238,3481837226,0xca1aaa00,0xd8febbdd
425,0xb97c008c,2297100484,0xc300dccc,0xc37ccc3c
426,0xdddc3c,2111622392,0xf888cddd,0xf8ffc700
427,0x8f8888fc,3430679688,0x8fd98ff,0xf7dd6e
428,0x877d7cc8,2403327455,0xdfcd7800,0x7f8cf987
429,0xab9b00b8,3031997320,0x8f00f94b,0xffff8bf8
430,0x7dddf8,3722283416,0xcfccdfef,0xf8dc8800
431,0x94c7f998,4235987083,0x750af986,0xfc77cf
432,0x8efccfff,2403126479,0xefc7dd00,0xfddddd9b
433,0x9d078098,1333248940,0x8cfc9b,0xa48f9baa
434,0x9a48ff8b,2576940800,0xb9888899,0x19b4abb
435,0x11b99962,2583935475,0x3b048069,0x4f6ffc7c
436,0xfffff8,2286848252,0x889998b9,0xbb94b900
437,0x9aaa9998,2763718809,0x9abb99ba,0xbb009a4a
438,0x91aa9a4a,340019791,0x84447f9,0xaf1847ab
439,0x770f7447,24607402,0x110a008a,0xc013071
440,0xe9988888,1761876737,0x9b429999,0xe99bce03
441,0xf30ee98,76103838,0xe99ea11e,0x8e9999e
442,0x8eeee888,1022894369,0xe88f0089,0xa4498889
443,0xa901ffaa,2844279978,0x1b10444f,0x38ff0384
444,0x14c88e8e,25729183,0xa1999e88,0x9eee89
445,0xa41a04a2,329535067,0xc47dd62c,0x1409f13
446,0xd211444,17930735,0xd9949669,0x4991d97
447,0x20e84438,4008611393,0x5e336000,0xaee55518
448,0xe700a221,2286732378,0x3323eb08,0x3ecd0832
449,0x88183cc,2704488483,0x20c73511,0x544a07b8
450,0xa53354,146082563,0x6b08c0e8,0xcccc0300
451,0x255cccdd,2863289088,0x3e55aa45,0x534a005e
452,0xd754aa5e,587218295,0x733dd77c,0x80cc7dd7
453,0xdd7c0a05,2110530986,0x444400aa,0x5ddc541a
454,0xdd00d2ea,4294261308,0xcffccc5,0xbfcccc3b
455,0x7b1b3c00,889255389,0xd83ca433,0x4aa6bb
456,0x8aaac5c4,3435940402,0xa0078c71,0x8015570b
457,0xdccc33c,1030619782,0x46449948,0x1447c13
458,0x62e64464,2521774,0x6cc800be,0x6c3c6666
459,0xc6008668,3532164230,0x6ccccc,0xddd33ca4
460,0x3ff8a444,3995348864,0x68c8cc86,0x5300d553
461,0x5de68ccd,6850156,0x76d36ee6,0x77e66663
462,0x46888600,2086498676,0x65ce0099,0x464e9999
463,0x99504119,262033414,0x99119701,0x19972219
464,0x9419370f,799212305,0xb20300a0,0xf8527703
465,0x808b2b8f,3210692619,0x2ff11112,0x277b0411
466,0x38b25ff,142260115,0xf8755515,0x1f75ab03
467,0xf555025f,1381324273,0x4072a013,0x88d403bb
468,0xff57555b,1601634421,0x37788885,0x2903aa3
469,0x57778e,2206578442,0x8b870078,0x25f2a8f8
470,0xf2108878,2600989994,0x75bbb735,0xdbbbb718
471,0x62035a03,11877821,0xa55edb7d,0x88a8edbb
472,0xb883bb00,3143490491,0xa7db00bb,0xa7dbbd3b
473,0xdd0055b8,1530755239,0x852885,0xdd77dd38
474,0xb8dd33d3,3979917056,0xaa7587bb,0xbbb71073
475,0x7b7f0638,8027511,0xeda727ed,0x8de77787
476,0x3ca7b800,2000254856,0xbb7700da,0xd3b8ddd8
477,0x78003d77,2813844139,0x7b3ab7,0x7b3de877
478,0xb8336736,863467264,0x8db77728,0x9d7a0078
479,0x3799e779,2566927223,0xcc3d3aaa,0x99e33a
480,0x7693aa49,2875798391,0x7997cc00,0x3b6dd69e
481,0xa9bb00b7,2827528319,0x1a0099ab,0xf84484f7
482,0x444aa9,2068088207,0xbfa66f47,0x9bbb3b00
483,0x9b91bb44,2948268218,0x88c7f8fa,0xaf007f44
484,0x18f9df84,12549588,0x16cdd9aa,0x116f7da4
485,0x116baa00,296438689,0x94ab00bb,0xf1499899
486,0x440098ff,1690023668,0x9a4ab4,0x69664aff
487,0x6966b46f,1874564608,0x66baffff,0xce660299
488,0xe333c555,48480001,0x33eeeeea,0xb10aee33
489,0xeec3003e,3426659043,0xea00e33c,0xeeaaaae3
490,0x8fcc7c,2291136654,0x699ff946,0x96ff1900
491,0x996f1199,2527133801,0x66a11666,0x44401666
492,0xf9140310,2408684008,0xf49e8800,0xf966666f
493,0xfff60066,4236048123,0xcf00ffff,0xfff66fff
494,0x80ffff66,2415891213,0xf8ff888f,0x866807ff
495,0x2066cff8,1507355,0x6666102b,0xff0500f6
496,0xf4996f,2791742122,0xb99944a1,0x9b499400
497,0x6611a166,2862678166,0xaa1bb6f6,0x884bbb
498,0xaa1bb403,1051374339,0xe3aa00ee,0xaa7477a3
499,0x7728aa73,2801991799,0xecaaf508,0xaaae11ee
500,0xa72603a3,3372729322,0x3913320,0x3ea79411
501,0x77009ee3,2806244330,0x89a77aa,0x9777a33e
502,0xa889e913,2763260043,0x44b8f49a,0x4a00faf4
503,0x91f1bb4a,16169914,0xaf9bb4f1,0x194bbafa
504,0x4441a600,1517754810,0x7a990d94,0x92089944
505,0x919336,1150353416,0x49c14439,0xa9085549
506,0x744997,1234785298,0x99694400,0x99499944
507,0x4d490044,1423219092,0x2805574,0x555574fa
508,0x94744553,2893261312,0xaaacc8aa,0xaaa800c5
509,0x44a4444a,3422573620,0x4acc444c,0xb444aa
510,0x7cccccdc,4080268356,0x49bb2900,0x4bb94444
511,0x474b0277,1263486838,0x948d04,0xb556476b
512,0xd5bf444b,1447315712,0xdb77726d,0xdd44004d
513,0xccd7443e,2717938756,0xe5b4443a,0x99bb9d
514,0x999b9eee,3694443451,0xd97dd700,0xddddde7d
515,0x3211001e,936168986,0x4a00ac7e,0x99bb5955
516,0xd3cdea,3280548733,0xaaedaa2a,0xddaa9400
517,0xaa3ecddd,296026276,0x1111a454,0x110033e4
518,0xa1133311,10857134,0x5a4a4dcc,0x11115a11
519,0xee1aa102,590455978,0xfb0053a6,0x4cc554bf
520,0x1044a244,123356308,0x444944df,0xa5ca20e7
521,0x53331700,4867247,0x4acbcbc4,0xff44bb66
522,0x44fc3500,4116990634,0x4add01ff,0x99444436
523,0x7905cc,3358108228,0x99e355c8,0x46cccf00
524,0x4794bfe7,2582381710,0x119447e4,0x4ee208
525,0x68c3a919,3867354180,0x9444a902,0x971974
526,0x1c04e13,423825704,0x91999479,0x9999004a
527,0x99444e64,2483546252,0xf11ff599,0x54273217
528,0xff209e03,2830830223,0xaa7a7722,0x2bb88b00
529,0x85ff822a,3389706383,0x1b887347,0xa7778862
530,0x2aa722bb,572703754,0x553a0f27,0x885f8802
531,0x27f55883,125877150,0x27bb8b76,0xaaaab888
532,0x22b7d310,2290673414,0x880033ab,0xd5bb8bbb
533,0x60bbb2ad,121113528,0xabbb7234,0xbb006722
534,0x2a6e7b2b,14063479,0xd49777ed,0x377b8bbb
535,0xa77a1780,3548100515,0x7a00a3d6,0xe372bae6
536,0xe3a273,1851990886,0xdded27de,0xa7bedd03
537,0x172ba7a7,2151940735,0x33add61e,0x69edddd9
538,0x771ab5e9,100864238,0x77164172,0x2912899
539,0x19491111,2114877849,0x47470be3,0x210b4444
540,0x39160077,1955659920,0xe33e4177,0x7a063aaa
541,0x997a4994,504371968,0x77740277,0xe49ae799
542,0x8743e10,4003010964,0x77742401,0x77c5005e
543,0xa74aeeee,1140869870,0x44447aa7,0x1c4bb4a4
544,0xbb94aa,166724870,0x819faa03,0xab69fb15
545,0x4bbbbbaa,3137340160,0x44966aaa,0x1b6fb44
546,0xbb6b4444,6964292,0x9a4e03,0xb96a14
547,0x71003,1142244355,0xc90169b4,0xb403009b
548,0x18c00310,2852229177,0xee491aee,0x991400ee
549,0xa317aa77,419491495,0x17eea797,0x7a7499
550,0x77779a17,393734423,0xf7a91101,0x6b666696
551,0xfb008803,4110417910,0xe0696666,0xc8028710
552,0xa4442902,3904157345,0xa513e303,0x13ff0300
553,0x446fffd2,2523295488,0x96699444,0xf64400f4
554,0xfbba9b6f,3020077567,0xbb446a1b,0x4bf102ab
555,0xbbb4a100,3149619483,0x9600801b,0xbbbbfb1a
556,0x169f6f11,918511947,0x2f264427,0xf844c600
557,0xb1109fd0,3204448768,0x1bbbcb10,0xf403d444
558,0x1a1600,50376963,0x6879161,0x19999111
559,0xf31999,10887939,0x77999eea,0x3cce19ec
560,0xecc11700,1168382327,0x19990044,0x99395c3e
561,0x99103911,520123537,0x4a774994,0xc3e47400
562,0xee77a4ec,1170276526,0x55553999,0x99044d33
563,0x4355c333,2054757120,0x74774700,0xa35cc547
564,0x533300ee,870602069,0x1080c9ac,0x5555c350
565,0x5929995b,74929459,0xaef91005,0xecc4d5c
566,0x99990290,3149244278,0x42ed13,0xe49999a7
567,0x56da74e3,986033664,0xff55a356,0x5c47008f
568,0x637a5ff5,3204576841,0x26bffff7,0x77006ea7
569,0x9474aa00,295272170,0x8510d3aa,0x397ea01
570,0xb4ed742,552668139,0x9407eaaa,0xa1a544aa
571,0x11aa1044,3724349049,0xeee993,0x4b59bb97
572,0x111aeda1,3204663884,0x15085174,0xa8834a42
573,0x8e780580,3461729484,0x49004553,0x44cbd494
574,0x94ab44,1250206788,0xa944c244,0x229f10a0
575,0xd3c3fd07,69371955,0x48228222,0x4a0a0b14
576,0x3449024e,3981001828,0x8014cb00,0x4a222401
577,0x222c9494,412762146,0x94a22926,0xa222ca
578,0x94aa68a4,294931017,0x99aa4104,0xdf088499
579,0x806ecc,2576958501,0xec3d44a2,0xe611191a
580,0xfb00c502,3995339156,0x1b09e841,0xee77447e
581,0x40240944,577440580,0x22855ff2,0xdd3301ff
582,0x77744ff2,147980895,0x577274bf,0x8753a303
583,0xa4340278,1145748282,0x440b1b,0xa3ba6b88
584,0xaabb9bbf,3083580674,0x1ed2282b,0x22002bca
585,0x28722b22,309817890,0xeabb888,0x43226f
586,0x2e88970a,2812770241,0xa737930e,0xc773004d
587,0x99773d37,285217098,0x11145445,0x455518
588,0x73951a11,2111480090,0xdda11a00,0x9caa1b5c
589,0xa11b0045,2971354197,0x4400b9a1,0x44b84144
590,0x1499144,1233828788,0x2844bb4,0xbb9900fb
591,0x95981bb9,4144013718,0xdda1b6f8,0xeeeddd
592,0x72bb3edd,859290429,0x3337be05,0xb00c7b33
593,0x100300da,775107389,0x7aa799ef,0x11110caa
594,0x99047ae3,2040108292,0x390300ac,0x1c99d01
595,0x5a0310a0,1202327927,0xaaee0ea7,0x381bea77
596,0xaa9f2080,2934876839,0xae76eeee,0x68063f02
597,0x77a303,2863338243,0x1147ae01,0x1117aaea
598,0x91063b03,2568058743,0xa9050600,0xbbaa00bb
599,0x1a1111ab,1148625169,0x3d035b0b,0x34ac603
600,0xc9f7423c,1347485904,0x310a903,0x7977777e
601,0x7a77ae00,2863311993,0x300eba9,0x1701221
602,0x7a03101a,2668273002,0x87881100,0x12888118
603,0xb8280011,562176386,0x14092247,0x424428
604,0x114403,3900768259,0xcc14e144,0x911099ec
605,0xcb00cca9,2582224590,0x797ac700,0x9aaaaea9
606,0xaa77009a,2863110426,0x780ec11,0x7acc5a2d
607,0xeccc5755,1431938816,0xc884a7cc,0x8ea9209c
608,0x5c859f06,8948394,0x88f8caa8,0xc19aec78
609,0x1acc7a00,298612686,0x9c77017c,0x4c777cc9
610,0xc000cc,4272597704,0x88aaac88,0xd0ac5533
611,0x7a99009f,278753447,0x71a735bf,0xf011600
612,0x47170177,1191315200,0x47aaaa71,0xc10300e1
613,0x14aaaa00,2009862593,0x7cc105a7,0x4caaaa7
614,0xa007ecf4,3397024768,0xeaaaac3c,0xeaae08ee
615,0x300aaee,3403438,0x3c3e3c71,0x333e3541
616,0xeec54900,4006039091,0x57910073,0x777494ce
617,0x8800e4ce,1485622956,0x1e7475,0x947c5399
618,0x74995587,1398113536,0xc355c5a7,0x96038079
619,0xae555877,4475518,0x8eaa75aa,0xc5c5555c
620,0x1dad43c9,227080371,0xd58f8d5,0x855529b6
621,0xd85a80d,105862578,0xf8550060,0xff3d35ff
622,0xea40a358,1437467136,0x58eaeee3,0x95333c00
623,0x1943ccc8,2567276692,0x3474994,0x1a1994ad
624,0x1571ed6,4128194888,0x3171459,0x770045c0
625,0x77436dd7,13948637,0x59ddd77a,0x31dd66dd
626,0x9943d40a,1138758465,0x712000,0x999c1999
627,0x34e6333d,3733467904,0xde788333,0x778800dd
628,0x777884d3,721455155,0x22288322,0x1778822
629,0x43336a27,227030254,0x427700c0,0xa2273333
630,0x72014333,573783586,0x13033a22,0x7633e200
631,0xaad4322b,44197290,0x4a032033,0x22530f22
632,0x8c0400,572664323,0x4000600,0x74008888
633,0x23b88a22,2652706,0x28aa2223,0x787a222a
634,0xa3722a00,2745641592,0x222a00a8,0x227a32aa
635,0x86076e44,4003742950,0xbb046e06,0xaa786006
636,0xd314d503,1258554144,0xa9988e,0x4968c688
637,0x48826e8a,950707200,0x6ea444c3,0x2434088
638,0xc8662255,274866856,0x388a288,0x72b97797
639,0x26a72877,107266049,0xa772e2ff,0x7322a700
640,0x3724aaa7,1858535475,0xaac9733a,0x9c00f111
641,0x924f111a,6287633,0x99cc1141,0x995cda11
642,0x99dd1900,573315362,0x29a10014,0x44aa1114
643,0xd3006ee4,2815028804,0xe96eee,0xe99967ab
644,0x6669a33b,3811824128,0x33aae796,0xaac70099
645,0x5fc3cd33,2701700027,0xbbbbb6,0x9faab903
646,0x6f840384,111765103,0x1f7a64b,0xcca9f7cf
647,0x22aff7ff,654545220,0xa06b44a,0xb44b9b
648,0x44bb0803,2265299787,0xbb9f6b,0x4446f6bb
649,0x44e49499,4002695445,0xeede00,0x300aed3
650,0xaa49e47f,2718171424,0xd51d0110,0x5708c403
651,0x79b10380,2846534010,0x1901419e,0x99491749
652,0x55061abb,3143630976,0x144444a1,0x44484441
653,0x1444430b,3141602816,0xb4fb06b4,0x4eb9b44b
654,0x28e40ffa,3389910592,0x11be484b,0x18182e48
655,0x2008888,1122500896,0xee440044,0x4b844444
656,0x18504444,52495872,0x74488878,0x28880281
657,0x68666777,538473216,0x11008111,0x8e814488
658,0xeeb80288,300451918,0x489403,0x4688874b
659,0x818817e6,2223515138,0x3888144,0x481487a7
660,0x24008444,1141047316,0x7beb002b,0x76222777
661,0xb7007777,1848320552,0xbe2114,0x2bee1136
662,0xe27e81ee,3865996800,0x66266666,0x6b360266
663,0x62666636,6715415,0x26333336,0xb26648b2
664,0x63384b00,1667337762,0x3b862066,0x663c510b
665,0xe36866,859342438,0xc3c4b666,0xb747e30c
666,0x85f0177,1078413305,0x2e8f002e,0xe6477bb2
667,0x1b220222,2398021171,0xc882800,0x44111187
668,0x78007209,2164295822,0x81667668,0x111b68
669,0x88186681,1720170116,0x82e44400,0x97aaaa24
670,0x4e068079,2125112489,0x49a449,0x99417994
671,0xc744a9a4,2292829184,0x8ca9c8ff,0xcaff2dff
672,0xceca313,3456303135,0x8a00a61e,0xaaecceec
673,0xccccce,3972655735,0xecfaeecc,0x555cce00
674,0x8855cc9c,2362179652,0xceee84e8,0xee00ff88
675,0xec555c3e,26790974,0x9c5cccee,0xaacccee
676,0xffff1052,4291101388,0x8c7eee,0xaeecfec8
677,0xe5f8faa8,2298442756,0xf809aaf8,0x88205aae
678,0x88e30948,1485133960,0x55e8f800,0xc795e755
679,0x4ace009a,2902434986,0x8800ff8a,0x88c5fa78
680,0x44cc98,2836915141,0x9911133c,0xc9194500
681,0x55e91944,2287862083,0x588f1435,0x40cc069e
682,0xaaa70574,2568481962,0x5735699,0x8b05ecdd
683,0x23b0e14,2857146878,0xaeaaa50a,0xf701af05
684,0x19791199,3208211471,0x300dd03,0x3004199
685,0x300c950,2771058773,0xd11111,0x3371117d
686,0x94331199,53778728,0x3200a3d3,0x8047444a
687,0x49997f02,1229211511,0x222a0033,0x22d3334e
688,0x3310dd4e,1443291683,0x33dd33c2,0xdddd7400
689,0xb4d4bb87,1148653355,0xa4237abb,0xed038707
690,0x280c0110,25305730,0x4403106a,0x44d80022
691,0xa2382444,1145063978,0x224ad203,0xdc353888
692,0x6c55bb00,1252581373,0xaa8c0033,0xa423bfaa
693,0xa27083aa,2600509696,0xa69a0300,0x49009114
694,0x919a1142,38408612,0x1991aa11,0xa507aa11
695,0x16ee00aa,1144665241,0x4a003444,0x334ee434
696,0x8a4e4aa,2722733795,0x2a3a0d00,0x77a20022
697,0x27ffff22,2281738226,0x9cc7ac64,0xcc69c9
698,0xcccc992c,2580323945,0x33a4e600,0xb37ae6eb
699,0xffe90098,2290871175,0xb8042858,0xaaaa1a1a
700,0xcca18008,782241408,0xc2822922,0x8f00c237
701,0x7ddc3325,109646097,0xb11111dc,0x4fb0125
702,0xd7004483,4098140791,0xaaa888,0x44b7f844
703,0x44ddd744,2916987904,0x81ff9447,0x559b00ad
704,0xc5785c3c,2231405653,0xf853cc33,0x2555cc3
705,0x55885e88,3137468245,0xf85f00a7,0x855447ff
706,0xce00aef8,4166948844,0x2ff448f,0xf87eacff
707,0xe102ec8f,2291728540,0x8faa99c8,0xaa00e994
708,0xaaeaa948,172575129,0x74499444,0x3740a17
709,0x740aa7ab,125479591,0xbc21aa62,0xaaae3ece
710,0xbc02eb03,136315920,0x9b0100,0xb9b999bb
711,0x996669bb,60537662,0xf0753b01,0x12015001
712,0x3d048da,2791243967,0x44b6f101,0xbb0584e2
713,0x84488444,54820423,0x668728a3,0x3beb007
714,0xbb22b71b,2988620546,0x24bbbb,0x2200e465
715,0x2624e222,6398510,0x48463843,0x48463684
716,0x3aa44400,3424807752,0x22220072,0x622ba6ce
717,0xe200cf6a,3969215150,0x5eedde,0x5eaaa33a
718,0x55aa33aa,2863312388,0x330555a,0xa500eeae
719,0x555e556a,5592682,0x66336555,0x63c3c36a
720,0xa3333600,862139194,0xcc5500cc,0xcc59999c
721,0x55285995,2504133317,0xa3d90300,0x63c4004a
722,0x3a3b86a6,3405793850,0x5b4a3c33,0x43cc3c
723,0x43553322,1288029666,0x59ac5600,0x33ffc56c
724,0x48460066,1955489443,0x48003333,0x784cc35b
725,0x46a35c,1218655662,0x64464252,0x44742e00
726,0xc6bcb26e,3090022468,0x488242ac,0x470048a5
727,0x7b6883c7,12274638,0xb7b4c5b7,0x22b735f7
728,0x55c55200,2773849378,0xee660066,0xe1a6aaaa
729,0x66086aaa,6728286,0xa1666a03,0x6aaa22
730,0xe1a6660f,5914113,0x88bbb732,0x8b2524be
731,0x555b8300,1553304777,0xccec0059,0x3e265555
732,0xb2405555,1122150656,0x847495ce,0x88c48800
733,0x4733a748,3862102211,0x336335b2,0xcc00592b
734,0x5cc5ab55,12963529,0x559d399c,0x8aaf84b3
735,0x8cae8800,2364836044,0xf3780088,0x8f745888
736,0xf4007fff,4165650639,0x208ee478,0x3f084a8f
737,0x4745a3a4,1146750071,0x1a4af777,0xaaf71e
738,0x5aaa7433,1431983274,0xa3353300,0x3333a333
739,0x255540a3,2004319133,0xb73c55,0xb4b335bb
740,0x748b33bb,2285090562,0x17833744,0x372e4426
741,0xaa5f19e3,302628102,0x8044bf15,0xaa88c815
742,0xa4958fa7,1235157127,0x4795faae,0x35405999
743,0x97550300,1144674713,0x549420,0x47aa5729
744,0x35008577,2923198281,0x354774,0x44d3dd33
745,0x7d555599,3722286084,0xa319477a,0x47297a33
746,0x94c30344,2739160832,0x8d00b809,0x8aaaadab
747,0xaa9cca,2874065787,0x788aeaab,0xbb777800
748,0x33aaa877,2050098298,0x5ab2277,0x2a77aa87
749,0x7700e4e7,1289029785,0x803adb08,0xb29a0e07
750,0x22937722,3928817963,0x9ab3a222,0x7c6c0bc8
751,0x10a703c8,13042433,0xa29a0703,0xc22a00a2
752,0x33a2a283,2717952674,0x9911eeaa,0xc0911e2a
753,0xaf032707,3868837777,0x9130c591,0x23000f42
754,0x1114a4d7,2297563175,0x3002288,0x8b7777
755,0x32222788,573279044,0x28f57200,0xf5587722
756,0x587b028f,2287306885,0x882c0b,0xb82bbbb8
757,0xee236b2e,3622523904,0xaa3bf777,0xdbf70077
758,0x3b5777a3,4278255495,0xaa7788bb,0x72696a
759,0x779cc33a,3381500979,0x85a6cc00,0x6b8533d3
760,0x7558007a,1831569513,0xea002b36,0xda1833d6
761,0x11aa87,4053908479,0x96a99946,0xabb4aa01
762,0xb4aaaaa9,14723584,0x41f0903,0xf69aaaff
763,0x4424aa4f,336199791,0xb40e00b1,0x44bb00a1
764,0x444ba4bb,1241519291,0x4a44bb44,0x88d944
765,0x48777447,1210823751,0x49806c1,0x448856b4
766,0xff05c55b,3435635456,0x333caa33,0xbbaa0033
767,0xb24477e2,1140898786,0x4422bb5c,0x22bbc9
768,0xb2763347,578011972,0x4c5c7400,0xccccb222
769,0x44a2032f,1148958532,0x52078d0f,0x2b0d0f84
770,0x166e77b,15100450,0x22ee5ae2,0xc6ec99e2
771,0x74471caa,28799501,0x4d0c2bd6,0xe222006e
772,0xa6ee2e2e,3994087146,0x1006e66,0x477b6666
773,0x2e3d0080,3001973620,0xbe0042bb,0x247b22e2
774,0x4e22e66,1726902190,0xe60b0766,0xa66600ee
775,0x5626aa27,1644227140,0x5ffcb495,0x159fb99
776,0xc5a6c55c,161924556,0x9caf08f4,0xcc0c5595
777,0x655599,1378181034,0x2255666a,0x33aaa600
778,0x55dda355,598343765,0x2a665555,0xa3005555
779,0x332222d3,15477205,0x2ef26eac,0xfdaaaaa6
780,0xaa65ca00,2841604058,0xa6ec00df,0x662fffdd
781,0x2e0266dd,1722801510,0x99340afa,0x9559fa00
782,0x99a66699,2858811609,0xa669ddea,0x5f009dff
783,0xda9dccfa,148680669,0xdcf29dcc,0x521a1f00
784,0xffa50055,2792318290,0xa600ff65,0x6aaa652a
785,0xa332a2,590701354,0xe3336622,0xa4333d00
786,0xa2c56f2c,3201171494,0xe2696665,0xbe00922c
787,0xeed9e29e,13200025,0xafa65992,0xffff9ddf
788,0x42dddc00,1808583010,0xccc9005a,0xccc59266
789,0xcc009ae5,3428469708,0x5a2b5c,0xdce2cc5c
790,0xdcaf9ddd,3437092098,0xbccccc,0xcc0da303
791,0x333ffc,1426153479,0xc500a703,0x2299955c
792,0x80eb22b2,1550756356,0xcc22bb2f,0xcc55285c
793,0x2e550300,2505398686,0xd5050082,0xbbb77b26
794,0xcc22701,1436184290,0x1c007b04,0x9950c599
795,0x3d98304,1556454855,0xa66e00c5,0xaa66611a
796,0xa612661a,67202730,0x1b04a6f6,0x1b04c8aa
797,0xa6662a04,2857566992,0xa5850055,0x3a84a5aa
798,0x780245a3,2005424805,0xaab1035a,0xb455a28
799,0x3004ae7,360216570,0x45af77,0x470c4511
800,0x60044,1152024440,0x78faa7f7,0xa5a7f700
801,0xaaf7f774,1953964149,0x77741400,0x774aa3
802,0xff855a37,2135949231,0x87ff5a00,0x87f7fa57
803,0xfff50057,4294309767,0x7700aa7f,0xaaae355f
804,0x27a4acf,2051294612,0xc6094c99,0x5a07977e
805,0x7b0747e9,160440183,0x5301608e,0x94052049
806,0x47447a17,1409419520,0xf04613e1,0x19010001
807,0x1a3a7111,3793879263,0xe722c3b7,0x72009ab8
808,0x6dea28be,3322498,0x33bbd8ba,0xadb8bd27
809,0xab8be900,1260948269,0x4a0f8023,0x2822a24a
810,0x9b4a2a4a,1142201101,0x71000603,0x20d40911
811,0x99922b03,206213638,0xfb1da4d2,0xa760cd0c
812,0x100c737,1915168679,0x2222107a,0xa25f0658
813,0x10888b2a,188396075,0xbb77779b,0xaa772072
814,0x88b70300,310739499,0xa5f88f5,0x3bbbb37
815,0xb300eebe,712878882,0x87da22b,0xf8bbb887
816,0xb8bb1200,661782562,0x22727772,0xaa03dee3
817,0xaaaade3a,542900275,0x27a80403,0xb27222
818,0x402bb234,1846547314,0xddddd333,0xdd7833
819,0x71003,3148548355,0xe80a72b,0x3d33aeb8
820,0x3333bdde,2308011008,0x88c77488,0x97440cc
821,0xeaaa7774,142184844,0x99198caa,0xce44ef0d
822,0x749900cc,921606856,0x6e00c333,0xa6cccaee
823,0xcc3a66,3484067436,0xccfaaae6,0xebb3a200
824,0xb7884bb6,1955069995,0x5ccc9cbb,0x2a0d995
825,0x300d533,2576731353,0xb44400d9,0xe26e6222
826,0xe600aaa6,1507707558,0x15ddd66,0x33f22882
827,0x848844,1145576449,0x1f050088,0x3b012033
828,0x33b2023b,1670888371,0x225006,0xde6aaa35
829,0xdda333dd,1428348160,0x555d225a,0x53330033
830,0x35525335,3808441813,0xaaa6ed2e,0x803aaaa6
831,0x3553fd06,841306931,0x52330133,0x33335333
832,0x2003003a,705245781,0x2d53d2d5,0xd5220022
833,0xd55ded22,570482413,0xd252ded3,0xd252e3
834,0xed25d2ee,2904743523,0xeee43a08,0x33530132
835,0xd2002523,3722257059,0xde52a6,0x2d3aaaad
836,0x66ddd255,573498112,0x552e4333,0xdebb00b5
837,0xd3355559,838882797,0xaa552dde,0xa65522
838,0xed555a33,1381311021,0x25522500,0xd2222522
839,0xddd20025,979579613,0x3a00a2d5,0x3365dd33
840,0x155ddd5,636350035,0x1eeeeed,0xdddd184e
841,0x90520ed,1037411250,0xdd333300,0xde3333ee
842,0xe35d05de,14605790,0x210de1a,0x2730dd40
843,0x2d22dd33,3523468594,0xd223a22d,0xd800ed
844,0x3f40c011,3739033856,0x22d5a3ee,0xd53ddd00
845,0xd3a2ded2,2737636562,0x202dd233,0x22aa5d1b
846,0x5400ddaa,156447726,0x5918dda5,0x44049dd9
847,0x999d8b04,3718840473,0xdd29999d,0x290599dd
848,0x6cdddddf,66510339,0x8d970a5,0x99130a
849,0xf6955523,3646226589,0xfa2226af,0xfc14fffc
850,0x200cccc,3436254153,0xd558cc,0x59009927
851,0xffdd0310,386171093,0xccddd59c,0xa3d9cfd9
852,0xc5dc06,3717814615,0x63000300,0x9ddd20
853,0xc9dddd01,4009795037,0xcdd59d66,0x203ccc9f
854,0x2e047733,1439483316,0x6300a0b4,0x276800b4
855,0xee2bb226,3489449220,0x4f00d96a,0x8a003c7b
856,0x46c9bb77,6994807,0xcbbb772e,0x5bbb7866
857,0xbbb83302,427329723,0x6601ee07,0xfa77952e
858,0xf403ffff,1433927424,0xaf77f555,0xff5f005a
859,0xf7a55aa7,1140884735,0x4777f55f,0x30fffff3
860,0x73004ea5,3432589832,0x99059c3e,0x9ceeeec5
861,0x133e070c,453739647,0x58788844,0x4474d809
862,0xb491930,2438933376,0x18999471,0x1f91cc49
863,0x44030046,959485332,0x13170044,0x333a11ad
864,0x43e30147,345654340,0x11b61371,0xb199111
865,0x19934997,2852291840,0xaaae6322,0x3d24036e
866,0x33800790,1483735946,0x80778bb8,0x77aaab09
867,0x8f274b76,713162794,0x8a227a8f,0x2200338f
868,0x27ad88f8,7582351,0x238b2b22,0x2388b2b2
869,0x888bbb03,4102142899,0x501fda1a,0x4b030038
870,0xb8340300,1946192002,0x7343a887,0x2a4388
871,0x555438a2,861227141,0xef07e440,0xec77b777
872,0x720057e9,2005029482,0x12b7387a,0x38bb27b
873,0x328b3bf,2856334548,0xedde9d00,0x38588d36
874,0xb8853304,335685819,0x85008527,0x222bb33a
875,0xb2b332,716429182,0x3383db52,0xde678803
876,0x3da883,3277574,0x77933aad,0x72a3daaa
877,0x66363a00,3113932411,0x96aa02db,0x7e788bdb
878,0xbb440e,1953007688,0xb7e88be8,0xe2118800
879,0x184b48b7,289931393,0x2b446e71,0xae00b777
880,0xd9956774,5946999,0x2afb7699,0x92bb449a
881,0xbc24e200,729061858,0x74bc009c,0x772b25c7
882,0x5500b46c,4259174813,0x99da26,0x99cf9c9a
883,0xe6995afa,2580452608,0x99d2aaae,0xd69d00ac
884,0xccffae99,2667617945,0xe4de4ed2,0x20d33ed2
885,0xdf022aed,3727503923,0xeed30055,0x2ee23ade
886,0xe4003293,2923687459,0x4bd2d2,0xf4b444b7
887,0xb877b877,3144989440,0xd74b4b28,0xbb2b0032
888,0x7bb27877,654342068,0x47c78b27,0x108bb33b
889,0x4777744,678918056,0x7b870477,0x7b47b77
890,0x4b9bcc,2006561928,0x89fbb947,0x222bb900
891,0x7dbb7747,2075398276,0xb78d0b7d,0xbfb929
892,0xbb272fbb,3453833081,0xddd2dc00,0xddd87777
893,0x2774007c,1210350523,0x7800bbbb,0xbbbbb4bb
894,0x82474777,3619357440,0x59bb877,0xdd00d728
895,0xdd7ddbbd,4682882,0x77444788,0x747f8b84
896,0xbbbb7708,3137536242,0xcc00cdbb,0x77ddbbbb
897,0x1e7c87d7,259489239,0x22c1d16,0xbbc92f45
898,0xb7777f10,3698794752,0xfb0cbbbb,0x2bf8b77
899,0x841d00a9,1955079812,0x4774d00b,0x3b0f420c
900,0xcd60bb,3357147169,0xccb8fbbb,0x61710c0
901,0x24444729,2184166296,0xb9dd403c,0x7ddccc
902,0x7d007702,3027750109,0x844fbb,0x8487bbbb
903,0x4bbb7bbb,2009908232,0xf79900bb,0xd7084bb9
904,0xbbc777,2004596511,0x9884b300,0x847bb8b3
905,0xbbb900bb,2612734855,0xbb008b4c,0xc7bb8dd2
906,0xfb87dc,729054583,0xfbd777d7,0x2b2bbb00
907,0xbbbf2b22,1143540879,0x301f448,0x777d3903
908,0x99922200,680106825,0x7cc80acc,0x46039cd7
909,0x24be00b3,381074224,0x77b90009,0x827ddd
910,0x94b29928,2608630715,0x8cccc700,0x33333f33
911,0xf82220bb,2272702464,0x9bb42b,0x27779947
912,0x49987b32,2575913728,0x3bc933bb,0x4b230033
913,0x2b6a5e38,1442980463,0x2655333b,0xf57f0462
914,0x33a28200,862266163,0x353b08b3,0x9305786a
915,0x2ee595,1767596697,0x5bbe9c46,0xe9a6b600
916,0xe6a5bbbe,1790836838,0xc52e6a66,0xcc009ddd
917,0xdd9e5ddd,11532151,0xaafff48a,0x8ffff748
918,0xffff740a,1970081607,0xa5370a,0x5fff55f5
919,0xafff5555,1968967552,0x8447a44f,0x48044af7
920,0xf48a8444,1145383169,0x77faa30,0xaac60c5d
921,0xfffff5,429492616,0x44415f99,0x71e992a
922,0xf80e947c,2487878136,0x48faa904,0xc0fc885
923,0xf5429119,2576992019,0x7301997,0x7994099
924,0x599499b3,2156140953,0x914fd204,0x67aa5399
925,0x77be008b,2861189358,0x88009b4a,0x787b6a93
926,0x7a929a,614623778,0xb97ea327,0xe6722208
927,0x23e60f7a,3087055026,0x78bb2224,0xb22b23
928,0xbb2223ab,656571003,0x22400780,0x22aa2b2b
929,0x7704aa72,1432325051,0x2228c803,0xaa72821a
930,0x7a27eb08,2852323367,0xaa0400a0,0x37bb0400
931,0x2aba3aa,2348124411,0x8a172b8f,0x994a0488
932,0x7433334,145914519,0x2bb2b222,0xb722cf0d
933,0x222f00bb,4283771682,0xaa85ff,0xda0bb81e
934,0x22ce027b,2155304459,0x3bbb0300,0x2783773b
935,0xbe270088,2339539746,0x22007ddd,0x32b7ad72
936,0xb7a3ed,733142755,0x37bb33dd,0xa2333300
937,0x77abbe3a,2863857834,0xd333d96b,0xd300bb72
938,0x66637733,14343638,0xe773dddd,0x637addde
939,0x11ddde00,300642584,0x2b410011,0x884eeb88
940,0x3e801881,2934893422,0x474888cf,0x4888b700
941,0x747a7777,2397176006,0xe8222bb4,0xe620eb44
942,0x445c0c88,3434838903,0x55cc5c00,0xae6eaa6e
943,0xeeaa00eb,3271147258,0x2f0026ac,0x22e29af6
944,0x1bbfff6,3152996066,0x6222e6e,0xffd90208
945,0xff59955c,102940931,0xa53a6a25,0x83f0eaa
946,0x780aa1b,3737478709,0xbbb999dd,0x3b33b302
947,0xf35bbb3,3710141708,0x3c2502d3,0xc35f0ec2
948,0x93aa0035,3721190894,0xcb14bbcd,0x6b1299cc
949,0x331f00b9,3710583091,0xeec9bb25,0x40ae06cc
950,0xc9bb06cc,3438136796,0xcc9c00cd,0xc999999b
951,0xcc029bb9,4008566476,0xb303004e,0xbbdeed00
952,0xeb33dde3,3053879870,0xeeeedc33,0xdc664ade
953,0xddc7bb00,3435957212,0x44cc008c,0x2882bfc7
954,0xbb0e8bbb,432855978,0x8e81085,0x4d10480f
955,0x6a0399b4,3704339387,0xdcb88c00,0xdcb27774
956,0x42038087,2228014404,0x807dd488,0xcbd77b03
957,0xc9bb9fcc,2579300572,0x99bdddcb,0xbb022f89
958,0xc99b99cc,2002194652,0xcdcccd00,0xdccccdd7
959,0xbccc00fb,3167537961,0xcc00c999,0x28998b9c
960,0x189d2bbf,448379801,0x9f0150f4,0x380ddc9
961,0xc878bb94,3355155660,0x97cccd00,0xc77dc4b9
962,0x7dcc0acc,3825651069,0x4c2810cc,0xddcdbb00
963,0xd7b9987d,2630615500,0x7b77c4bb,0xd01c019c
964,0x5d001500,3707176669,0x7cdcdd,0x7dc7fb77
965,0x42b97447,769095424,0xbbdcddb9,0x2079449b
966,0xc7777736,3435924993,0x99bb9200,0xf44bf748
967,0x29770187,2279065929,0x6e0722,0x77dcb992
968,0xdccc8277,4704033,0x7ccd7736,0xd102ff
969,0xc794bb9c,3142031657,0x6b744300,0x74ccc422
970,0x47cc02cc,678710471,0x8082b904,0x3324b40e
971,0x4fb92ff9,3094806727,0x2228847c,0x28008287
972,0x28448822,8667682,0x62442222,0x3ab988ff
973,0x3b6a5510,858983945,0xff0033f3,0x48ff66af
974,0xc222228,790766210,0x29000300,0x53004422
975,0x2b23c699,815652130,0x26036666,0xff6d780b
976,0x3d086fcc,683405038,0xccc5592f,0x7bb22700
977,0xcbbeeb77,3198877900,0xbb6f66c2,0x4ad487b
978,0x6e01be4f,203362427,0x8511cc04,0x3cce0083
979,0x1888bbe3,2650999568,0x2bb77405,0xe707553e
980,0xfb073c,2290451507,0x1997c894,0x8a034940
981,0x477a77c5,2885979153,0x88ffeea7,0xff88d803
982,0xff120380,1435572728,0x55015e15,0x11331195
983,0xa1075111,194451744,0xc3c35878,0xff0055b8
984,0xd5ffd335,1215462058,0xaac10b7a,0x7a030027
985,0x4304a2c3,3435568238,0x64e9c007,0xe96e4e00
986,0xeeee4444,1145962564,0x244a2c3a,0xa2042a2d
987,0x42aaa85b,3257570835,0xd8a2bf00,0xdca288c5
988,0xa3c200ac,1252663944,0x7a0077aa,0x2228b227
989,0x7a287a,1044031271,0xa3aa3a4e,0x7aa3430a
990,0x33150033,438811651,0xf82732,0x58c4058a
991,0x6033c915,57934900,0xf27a3ad7,0x77037278
992,0xf7f575f5,479926079,0x471bb8cd,0xd480a2b
993,0xbf640bb3,708859762,0xbff79508,0xd3b8a72b
994,0x2233aa01,581608055,0xb83d203,0xaaa7ed1e
995,0x2003aaa,973109775,0xaaa3db33,0x16e32333
996,0xb27dddd,1073970107,0xa83d4f0e,0xba73602
997,0x98077b47,4032634,0x777476a8,0x4491eeea
998,0x11a74401,2846134553,0xa900e702,0xc7cceaae
999,0xee1477,2853269932,0xa917c11a,0xae7e0e82
1000,0x48844884,213321223,0xe7be6ee6,0xab0e7b01
1001,0xa04bbb,118524675,0xe27b7eaa,0x884b0027
1002,0x7726ff44,1107308475,0x8bbeffa7,0x77eaf2
1003,0x74ee6a74,3878562478,0x882eef01,0xe226e22e
1004,0x390aa1c,164626398,0xccffa6cb,0x6eee00ff
1005,0xeeeefffa,3892367350,0x6aa6aaae,0x3893aa66
1006,0x700dffff,3875714048,0x10b3a3bb,0x63bb33b
1007,0x3333bb12,447351475,0xc30333a1,0x3a920dbb
1008,0xcf00a370,419934723,0xbbb3cc99,0xb3c99b02
1009,0x29bb999,2601106212,0x30cccc99,0xb3332e
1010,0xdccc020a,3716013534,0x3cd1c23,0xcbcc99dd
1011,0xe502cc7c,10633728,0x1713bb59,0xae7dddd
1012,0xe700eeff,1300164078,0x3deeee4,0xe7ddeeeb
1013,0x4b12d777,3691257344,0x4e7dd7e7,0x4eeedb13
1014,0xee4e4400,3733227591,0xb8008ceb,0x3eeeeee
1015,0xdd380014,2317861341,0xe8848e37,0x484444
1016,0xeed43907,2803041287,0x48481f80,0x8800281c
1017,0x888c8448,3906817688,0x1d006f0b,0x7d1f10
1018,0x88844413,2286830612,0x2483a00,0xc8883a
1019,0x848484e7,2577369128,0x2ff922,0x7ccd741b
1020,0x774a00,1145929159,0x7b44fcd7,0xb79ccc03
1021,0x144cccc9,33751140,0x447d7c28,0xb4037c74
1022,0x3804d677,63532816,0xeb02d9a0,0x60283e02
1023,0x40208f2,3435938836,0xcc00488d,0x7d7484cc
1024,0xc484d7,3347626829,0xcdbb9844,0x928f9900
1025,0xf9922f89,1215561887,0x77ccb987,0x7c004884
1026,0x8d828448,2263112,0x222a7487,0x22a58884
1027,0x9b33b200,4170169241,0x88fb00bb,0x84ccb3bf
1028,0x84228822,798622719,0x6702f2ff,0x53880052
1029,0x99995222,855648511,0xb33f9333,0x553ff9b
1030,0xf9ff2228,4283172594,0xff000310,0x222582ff
1031,0x1299ffe5,208039929,0x1b3555da,0x99229bbf
1032,0xf29f1669,1056973554,0x2f220528,0x13222288
1033,0xb403ee9b,721485996,0x1950b00,0x59a70b6a
1034,0x7a0b80c5,3650739653,0x80bea399,0x47b71c00
1035,0xbb2ee247,214266043,0xcd1107,0x3cccb303
1036,0xc583003c,1803826828,0xc500c333,0x4233b444
1037,0x3d5747,597281826,0x233cc3bb,0x83382300
1038,0x83c84838,1419247796,0x9c384483,0xaa00a48e
1039,0x11114b44,11159910,0x448fff44,0x419f88f5
1040,0x988c8800,1360592273,0x1fef066a,0xcefffee
1041,0x27fd02df,858989056,0x9ccc777a,0xee270049
1042,0xee22bae4,1107305022,0x7773434e,0x50399774
1043,0x99700f32,1151649537,0x44004aaa,0x4a2d55da
1044,0x8888dc,1758041514,0x98f49424,0xc4842900
1045,0x9999d494,2862874788,0x443c22aa,0x3d00daa4
1046,0xbd5ca444,6138499,0x5da4dbff,0xca42c5af
1047,0x452f9900,4101522564,0x39b50065,0x8295b8a8
1048,0x9900b843,2726865995,0x4c38ec9,0x49aa3442
1049,0x938f0278,1151467576,0x324baac9,0xe50034aa
1050,0x4533f73a,11162931,0xaa2e4365,0x438cc968
1051,0x739cca00,2809384140,0x773900c9,0x88334577
1052,0x73006773,1252953784,0x6a9369b,0xaaaad443
1053,0x3e90243,2046864043,0x7aa233aa,0xb8bd43
1054,0x689638da,683071642,0x8dd89800,0x8d386d75
1055,0xd8b7002a,3983181709,0xd6008abd,0x3db5d333
1056,0x18d833,300434657,0x846818e8,0x47112100
1057,0x4b88b11b,410517787,0x88448b48,0xaf0e68
1058,0x81881868,3144750868,0x21147b00,0xfa7487bb
1059,0x74880077,1948813175,0xfb008117,0x6a711144
1060,0x281144,3893838270,0x2226fb82,0xe2ab8800
1061,0x22e68722,4018874658,0x252e9305,0x882229e
1062,0x11822038,2930180864,0xf76288,0xfba74888
1063,0xf7ccf678,1795161600,0x6eeeeef7,0x300d0fb
1064,0x10660700,4045027851,0x6aaa00bb,0xaaaab961
1065,0x3a40b961,984220416,0x33a6b961,0x66b96105
1066,0x1300a13a,11404209,0x9bbb9af6,0x9bbb6a63
1067,0x23ccc2b,2298726659,0x3011099,0xa32780d7
1068,0xdc3a9999,79325593,0x776693d7,0x77ff02d7
1069,0xdccc0039,3721028478,0x731069dd,0x300e7dd
1070,0x7bee7777,3883396608,0xee77e7b9,0xe7eb02bb
1071,0x7db4ebee,142413568,0x77eee377,0xee7d0300
1072,0xbeee02e3,3186552395,0xeb0300,0x4b44eeeb
1073,0x448844eb,1677978469,0x894e8f04,0x5496103
1074,0x44478a1,62529467,0x880900b5,0x4e00eece
1075,0x4479be88,9019016,0x4eee4ee4,0x8889eeee
1076,0x99489900,2303236584,0x8898009e,0x84988889
1077,0x94204889,2382823556,0x8494444b,0x44031080
1078,0x44848874,2533396164,0x89bb9488,0x8049d448
1079,0x888ca503,1217193032,0x8de4004e,0x89744448
1080,0x8e008988,2089568328,0x9ed844,0x78d488eb
1081,0xe4de4849,3739543808,0xe4e4ec44,0xec4184
1082,0x88447b8b,2600517353,0x44ebbe00,0xe4cbe4eb
1083,0x8be40049,1321094116,0xb40089ee,0xce894ee4
1084,0x494889,4007971150,0x4eb9e44e,0xce889400
1085,0xedd8944e,3736338568,0xe49884ee,0x940084cd
1086,0xbeeedcd8,542039518,0xa107d7be,0xccded33a
1087,0xde3301aa,3452842973,0x200600dd,0x30035dd
1088,0xddddd73c,3721855141,0x2dc7a5dc,0x6d20de3a
1089,0xe30300a3,1147284797,0x62dd6c00,0x62de6cdd
1090,0xc76d00cc,3446529122,0xac00ccad,0xf2335ddd
1091,0x382255,2558801491,0x53243833,0x28533200
1092,0x28332883,1059192911,0x58228a88,0x88188322
1093,0xcb138238,572714003,0x82883088,0x6a040300
1094,0x32222889,572666624,0x22283336,0x22b32092
1095,0x2842f003,807993343,0xd103fff2,0x22237f3a
1096,0x83008288,1149728648,0xf28774,0x38c744c5
1097,0xc894d435,2494847232,0xd979d94c,0x9ddd0083
1098,0x5ddd543d,2634603861,0xfc99559,0x434533cf
1099,0x4aa84200,2805509446,0xa8530083,0xa87382d6
1100,0x73004667,2314036088,0xa33388,0xc4e92949
1101,0x4c1f324e,529699840,0x189851a7,0xa4a1009f
1102,0x11115518,285217050,0x285511c2,0xdd777d
1103,0x13d4e3cd,353636727,0xa411a500,0x91317a11
1104,0x3137005d,561783349,0x7d00c22c,0xec73231a
1105,0xeea155,1011999202,0x84aad1e3,0xcba8a400
1106,0x5b4a44f4,4098818292,0xff93f45b,0xc800598d
1107,0x88d3db35,14404568,0xfa4bd53c,0x1c195fa4
1108,0xc28ec800,495829697,0x8c2e00e1,0x11881211
1109,0x880012e1,2580341377,0x9c8c98,0x1c819c19
1110,0x85352281,1697393664,0x95878995,0x898a0095
1111,0xf4f76865,1459724943,0xf72a88f4,0x9d0772fa
1112,0xc7eb1080,3966993780,0x540028a7,0xf8a83554
1113,0x5fea33,1601337919,0x8f227a83,0x222af304
1114,0x1f10fa3f,2751498415,0x73859557,0xdf835f
1115,0x85253f78,2410129375,0x7887ad01,0xa7822372
1116,0x80a817,858994691,0x33336ba8,0x5bd87800
1117,0xbad5b8db,898105561,0xd59533aa,0x9800aaa7
1118,0xe3aaa732,11171703,0x11871133,0x88821114
1119,0x8b814400,2282844440,0x18e11118,0x8b030084
1120,0x88012118,50377024,0x8711a178,0x9100e81e
1121,0x41aace71,11005063,0x77eeca17,0x77eec411
1122,0x300c140,2012135914,0xee02a17a,0x82222f48
1123,0x1703008f,335741089,0x2f870300,0xb00b222
1124,0x37b2228,2130753480,0x59eeeef4,0x660300ae
1125,0xbb030350,50376294,0x6ed606aa,0x3660600
1126,0x3203ba3,867239018,0x8b1fa6a,0x83aab33b
1127,0xa63a1400,121254826,0xff550772,0x472b5b07
1128,0x78070300,3070427648,0xbf130310,0x69999902
1129,0x3077dd7b,1996520707,0xe77d7369,0x777c99
1130,0xe77c99ee,4001155454,0x7cc97700,0x7ee7777e
1131,0xe7ee1043,3886023543,0xe4ee4b,0x77ee49ee
1132,0xe74847ee,159968816,0x4e01103b,0xfcd8444
1133,0x9b4ee44e,654772224,0x16001440,0x320e47c
1134,0x8b171c03,50341392,0xc18448,0xee980719
1135,0x44e4e4ee,277010179,0x8b488401,0xa703d488
1136,0x898e00e4,2307814478,0x8e074844,0x8448444c
1137,0x7a0b1d00,3825212944,0x8c7e4444,0x8e444e4
1138,0xe844ee84,2280156935,0xeeee1c48,0x30790784
1139,0xdbeb273d,1156448484,0x84eee4dc,0xe401889e
1140,0xe4489e44,3590838340,0x102704e0,0x885e003d
1141,0xe4b9844b,1271810816,0x44c44be8,0x488b3bee
1142,0x9700b703,98835200,0x54145f,0xd7948e48
1143,0xd7bd8ed7,3176060689,0x74e7af03,0x44e000d7
1144,0x77a2007e,655377646,0xcd004eee,0xdd7e3bdd
1145,0xb0ee39dd,13078536,0xccb30303,0x40d7d7dd
1146,0xeee950dd,1574809037,0xd75d04cd,0x8cddc2d
1147,0x6ced9db5,10426574,0xf3008401,0xeeee0401
1148,0x34884a00,4102570824,0x884f0083,0x884943f8
1149,0x485c7388,139231492,0x8141812,0x17288867
1150,0x48422282,2488017527,0x882d1b20,0x8884188c
1151,0x3d0ef222,679635979,0x4822880f,0x7c31328
1152,0x10032096,2576941095,0x9ddd8425,0x7ac7333
1153,0x9707478b,146281283,0x10dd99ab,0x18999d9d
1154,0x848844d3,1144193262,0x24d79344,0x36108343
1155,0x3108ed8,2388934083,0x6ddd9d00,0xddd6d6ed
1156,0x843d003d,3973637000,0x3e00e38e,0x222382e8
1157,0x2382ec,3985567458,0xed8ee32e,0x9eed2200
1158,0xedd3222e,3907125282,0xe1d191c2,0xb800d182
1159,0xd8b82231,6868705,0xe896d1d1,0x39dbb8b1
1160,0x926ed800,841212382,0xcde900e6,0x862e818c
1161,0x9e0011e9,780246402,0x81c38d,0xc82e1eed
1162,0x896b898d,3944909057,0x9d6688cc,0x7200df00
1163,0xaac8ccc4,13055123,0xc7887a27,0xeb4834b2
1164,0x47a6b500,572817991,0x23f20934,0xa223a922
1165,0x3002bf2,2433230144,0x3f22ff73,0x27045f23
1166,0x23322b88,938648856,0x231300a8,0x4ffa313
1167,0xf2272fc4,663738368,0xf88fd5f2,0x2fd500f2
1168,0xbf3f838a,1057394167,0x3f5df7b5,0x300af28
1169,0xd31880fb,3744461432,0x25f788,0xd827af8f
1170,0x7222d882,84275784,0xfd07f772,0x5aaeff
1171,0x552e3f22,3582451634,0x7b822200,0xabf22733
1172,0xf22200b7,4280428509,0x3800777d,0xd8dd8ad3
1173,0xd3b8d3,1936208759,0x3b988967,0xab336500
1174,0xa33365c8,862257299,0x3ae5da88,0x8800add8
1175,0x88781184,7868808,0x88118118,0xe4878817
1176,0x88188100,2266042808,0xb1110027,0x2811bb87
1177,0x17407b8e,3088148487,0xe481222b,0x8f222b00
1178,0x17222bff,3803906239,0x6e2bbf17,0xe203ba18
1179,0xe2b618ae,187378682,0xf6e2003b,0xaae2faff
1180,0x6e02faaa,2868902566,0xff7d09aa,0xbfccc2f
1181,0xa213cc4f,840630592,0x2ba70300,0x200bb3a
1182,0x60173bcb,67168270,0x7b27c966,0x999bb713
1183,0xfb0e8307,2093748425,0xcc6d0acb,0xee7d7c
1184,0x4ee77cd7,4008148428,0xb7dcc31,0xd77f021b
1185,0xc0124ee7,65531453,0xc51277,0x888f1203
1186,0x1380f812,1146015291,0x84e99948,0x8c9c4802
1187,0xd944488,2265486343,0x949444,0x44489706
1188,0x4889c400,2223949956,0x49780088,0x74744444
1189,0xd400448e,1218004036,0x9744e9,0x7944e944
1190,0xe78889e9,1216975888,0x9e440300,0x84108c89
1191,0x1f0b8898,1324072520,0x899b9412,0x848c8509
1192,0x80497817,2559116032,0x888d488c,0x84e82a8c
1193,0x138c9007,2801962633,0x44880089,0x4e449947
1194,0x7809899,3196709057,0x9e89c844,0x8898e81e
1195,0xf1527100,1562110210,0x2b20808c,0x44994e88
1196,0xfb49c994,2384141616,0x2a231253,0x44830b
1197,0x8c01b2c,1145556100,0x47779c0b,0xdccd1fdc
1198,0x7320c77,251797615,0x40452f3f,0x444f0ecc
1199,0x44777774,2004090999,0x77777d47,0x8f1dc77
1200,0x20561f92,1953369116,0x21007dd7,0x2f24c8
1201,0x10447c23,2004667406,0xe10f444e,0xd1087d47
1202,0x69109913,1141758084,0xc72710,0x448f0f70
1203,0x74534477,7812864,0x3c77748b,0x1fa11855
1204,0x3c748848,253362263,0x32b007c,0xdf208a01
1205,0x244448,788537863,0xc444482,0x28478832
1206,0x448f5300,1002128384,0x7bbb6667,0xbb4604b6
1207,0x4e6bfb,280737283,0xb66efbb,0x3bbb6b50
1208,0xbb6600b7,1153154011,0xe8008ddd,0xc38dd944
1209,0x89d442,2305181325,0x2d6b438e,0x6b4dec00
1210,0xbbe68c66,910884939,0xeebb96bb,0x810022ee
1211,0x882288ee,3049710,0xe836e631,0xd88986e1
1212,0x88ddb800,767474797,0x6cb800d6,0x2dbc6bde
1213,0xbd00ed68,1801660553,0x66d828,0x16b8e22d
1214,0x18d866cc,678150400,0x289b1989,0x16180029
1215,0xff112229,1140999323,0x994a43bf,0xaa700185
1216,0x925a9100,338667924,0xa9480099,0xc995d214
1217,0x1a003514,804918354,0x8222ff,0x83235fbf
1218,0x2323858f,4085812992,0xf353df24,0xf23f0024
1219,0xf2af2323,1057499690,0x3222af2,0xd22222b3
1220,0x2fa41380,1073217320,0xf700a23f,0xff2237d3
1221,0x222327,573057727,0xf7722a8f,0x22a22d04
1222,0xa3032a22,4060095023,0xf2223ff7,0x2235f8
1223,0xff3b88fb,2188939250,0xd835f21a,0x94388c18
1224,0x2703105f,2401432064,0x7f28f825,0x2d7f0035
1225,0x228f372f,1376266111,0x177a7b22,0x2b227786
1226,0x2f8b2200,2835346111,0x85f8008f,0xd8f88b88
1227,0x8810ff3f,50362168,0xbb385ad5,0x78587700
1228,0x33b555da,3099525235,0x87338353,0xf800365b
1229,0xdf36be57,12475895,0x5b535ba2,0x4e887874
1230,0x84818800,2218856820,0xb114014,0x1448114e
1231,0xe1811a,554768916,0xb1111618,0x811e1800
1232,0xe7ffaeee,4294574318,0xffa6e2b1,0xaa00e288
1233,0xa6ecafcf,2865759,0x22b6ffae,0x22b2aa6e
1234,0x37f6ae20,1538997047,0xbb2a333b,0x350c0055
1235,0x1ea39c03,859323099,0x205d37b3,0x99110b01
1236,0xcd40c9c9,3432813571,0x7ccb9c7d,0xc99b7700
1237,0xcccbd77c,3380356301,0xdcc99803,0x4e779b03
1238,0xe7dcee03,516745188,0x5940ebf,0x4e4e7777
1239,0x84181777,518965002,0x323312b0,0xaa038839
1240,0x3802a73e,1216626404,0x7c12e612,0x363011b
1241,0x20990860,2718135364,0x88894878,0x8e9806c8
1242,0x86c87888,2382434367,0x98882b,0x900980f
1243,0x107146e8,25199107,0x8878888c,0x897c038c
1244,0xe44823,2273874947,0x9033df0e,0xe9632080
1245,0x89997e48,2567038088,0x9eee44ce,0x3607e988
1246,0x7e237467,1323608624,0x8d13e013,0x30dfbe23
1247,0xe4630497,3121065984,0x87370310,0x47f3830b
1248,0x23ed23f0,2296975434,0xfae1348,0x5407955c
1249,0x3e0fcccc,3709340636,0xcd0b0310,0x7cdddcc
1250,0xaa90cc6a,284365601,0x202e3441,0x7722000f
1251,0x2fd803cc,32543828,0x660077cc,0x7c1f10dd
1252,0xcc840077,3426897116,0xcc08477c,0xfc44ccc
1253,0x8ccccc66,522482280,0x224ce10,0x84c7ffbf
1254,0x428432,3424649266,0x24030087,0x68030081
1255,0x444778b2,4456591,0x44777d74,0x44dcc77c
1256,0x3cd7738,348655611,0xc777744b,0x210304c0
1257,0xa644440e,4488740,0x77cee7e4,0x777e2ee7
1258,0x81cce400,1099752516,0x27541874,0x31b02c1
1259,0xbbe36bc5,1837984512,0x8c86d36b,0x8bb600d6
1260,0x83642d6c,3623906226,0x6d6bbe8e,0xddbd8d
1261,0xdede6bbd,3626167739,0x88e18b00,0xc8888d68
1262,0xd88e00d8,3972257870,0x8c006cc6,0x8828cbe8
1263,0x9ecb68,2651951650,0x2d812de1,0x889d6100
1264,0x88112826,2294808806,0xbc21e62e,0x61009dd6
1265,0xd19d9d98,139234952,0xa7727d22,0x7f874607
1266,0x472800f2,1207693880,0xa300f247,0x23f7aa97
1267,0x1fa43e8,4209939747,0x3a22a23,0x6107c861
1268,0xaf2f3707,4152916995,0x8f380088,0x5f3883fa
1269,0x350023fa,1059322456,0x841520e,0x24e518a4
1270,0x10822906,482620743,0x35691483,0x18a320c5
1271,0x2d0539ac,207761703,0x1cc4520e,0x358c316a
1272,0x29282d05,969817479,0x3548396a,0x352528e5
1273,0x3dcf39ad,1034564938,0x20c4520e,0x41692d08
1274,0x45ac3106,891695468,0x2ce54e0c,0x39ae3946
1275,0x354a49a9,1309622631,0x1063520e,0x2d4c28e7
1276,0x358d1ca4,413606122,0x1484250a,0x35ae20c6
1277,0x316c292b,969940168,0x20c3520e,0x4e0d45c8
1278,0x5a6f3966,1030114825,0x5e912d05,0x45875229
1279,0x62d45a4d,1514753512,0x3145520e,0x5a6a5ed2
1280,0x5a8e6f76,1798456840,0x62ec7399,0x5ecb5229
1281,0x671366ef,1034382165,0x3125520e,0x5a2a62b3
1282,0x49c86b36,1868061263,0x62ad6b14,0x5eab522c
1283,0x6f777379,1655717255,0x1884520e,0x525139ce
1284,0x51ca3106,1095194294,0x316b20e5,0x6737560d
1285,0x56722508,1231569425,0x23a131d,0x23c023b
1286,0x23e023d,1111507519,0x52425241,0x52445243
1287,0x52465245,1380471367,0x524a5249,0x624c524b
1288,0x624e524d,1649435215,0x62526251,0x72547253
1289,0x2567255,35390039,0x21e021d,0x220021f
1290,0x42224221,1378107939,0x52265225,0x52285227
1291,0x522a5229,1378636331,0x622e522d,0x6230622f
1292,0x62326231,1916035635,0x72367235,0x32387237
1293,0x1fe0239,33554943,0x42020201,0x42042203
1294,0x52064205,1376276999,0x520a5209,0x520c520b
1295,0x520e520d,1376801295,0x52125211,0x62146213
1296,0x42166215,1914204695,0x721a7219,0x1e0021b
1297,0x1e201e1,1105461731,0x41e641e5,0x51e841e7
1298,0x51ea51e9,1374441963,0x51ee51ed,0x51f051ef
1299,0x51f251f1,1374966259,0x61f661f5,0x41f861f7
1300,0x11fa71f9,838603259,0x1c271fd,0x1c401c3
1301,0x21c601c5,1103643079,0x51ca41c9,0x51cc51cb
1302,0x51ce51cd,1372606927,0x61d251d1,0x61d461d3
1303,0x61d661d5,1641570775,0x41da41d9,0x11dc41db
1304,0x31de01dd,27537887,0x1a601a5,0x41a801a7
1305,0x41aa41a9,1370247595,0x51ae51ad,0x61b061af
1306,0x61b261b1,1639211443,0x61b661b5,0x61b861b7
1307,0x41ba61b9,1102856635,0x21be21bd,0x31c001bf
1308,0x18601c1,25690503,0x418a0189,0x418c418b
1309,0x618e518d,1636852111,0x61926191,0x61946193
1310,0x61966195,1637376407,0x619a6199,0x419c619b
1311,0x719e719d,564142495,0x1a201a1,0x16801a3
1312,0x16a0169,560726379,0x416e416d,0x5170616f
1313,0x51725171,1366577523,0x51765175,0x51785177
1314,0x417a4179,1098662267,0x417e417d,0x2180717f
1315,0x21822181,25428355,0x14a7185,0x14c014b
1316,0x114e114d,1095778639,0x41524151,0x41544153
1317,0x41565155,1364738391,0x415a4159,0x415c415b
1318,0x615e415d,1902145887,0x21627161,0x21642163
1319,0x31660165,19661159,0x112e012d,0x2130112f
1320,0x21322131,1362366771,0x41364135,0x61384137
1321,0x413a4139,1094467899,0x413e613d,0x2140413f
1322,0x41427141,558113091,0x1462145,0x31480147
1323,0x310e3149,286261519,0x11120111,0x21141113
1324,0x11162115,1092108567,0x411a4119,0x411c411b
1325,0x411e411d,555753759,0x21222121,0x21242123
1326,0x21262125,19407143,0x312a3129,0xf0312b
1327,0xf200f1,284430579,0x20f600f5,0x20f820f7
1328,0x20fa10f9,1090265339,0x20fe20fd,0x210020ff
1329,0x21022101,553918723,0x21062105,0x21082107
1330,0x10a0109,17576203,0xd2310d,0xd400d3
1331,0xd600d5,551026903,0x20da20d9,0x10dc10db
1332,0x20de10dd,283119839,0x10e210e1,0x20e410e3
1333,0x20e620e5,552083687,0x10ea20e9,0x30ec10eb
1334,0x30ee30ed,11809007,0xb600b5,0xb800b7
1335,0xba00b9,280756411,0x10be10bd,0x10c020bf
1336,0x10c210c1,549720259,0x10c620c5,0x20c820c7
1337,0x20ca10c9,281809099,0x30ce10cd,0x30d030cf
1338,0x9630d1,9961623,0x9a0099,0x9c009b
1339,0x109e009d,278925471,0x10a210a1,0x10a410a3
1340,0x20a610a5,279449767,0x20aa10a9,0x10ac10ab
1341,0x10ae10ad,816853167,0x30b230b1,0x7830b3
1342,0x7a0079,8126587,0x7e007d,0x80007f
1343,0x10821081,277090435,0x10861085,0x10881087
1344,0x108a1089,546054283,0x308e208d,0x3090308f
1345,0x30923091,815018131,0x5a3095,0x5c005b
1346,0x5e005d,6291551,0x620061,0x10641063
1347,0x10661065,275255399,0x106a1069,0x106c106b
1348,0x306e106d,812658799,0x30723071,0x30743073
1349,0x30763075,3944567,0x3e003d,0x40003f
1350,0x420041,4456515,0x10461045,0x10481047
1351,0x104a1049,273420363,0x104e104d,0x3050104f
1352,0x30523051,810823763,0x30563055,0x30583057
1353,0x1e3059,2097183,0x220021,0x240023
1354,0x260025,271061031,0x102a1029,0x102c102b
1355,0x102e102d,271593519,0x10321031,0x30343033
1356,0x30363035,808988727,0x303a3039,0x303b
1357,0x20001,262147,0x60005,0x10080007
1358,0x100a1009,269225995,0x100e100d,0x3010300f
1359,0x30123011,269750291,0x30161015,0x30183017
1360,0x301a3019,1847323,0x1d,0x82010
1361,0xf0000030,570527745,0x444321,0x32111122
1362,0x43211222,1162101504,0x44443344,0x11130234
1363,0x11112111,2294064,0x33222222,0x34332223
1364,0x22333300,591676483,0x44441144,0x44070044
1365,0x3003211,1126240524,0xc0033,0xd033431f
1366,0x3102b00,302190627,0x82341111,0x34440800
1367,0x10541223,1426080816,0x54443255,0x38311155
1368,0x1e005444,1996512096,0x30555511,0x3704555
1369,0x43342b10,827330833,0x324a00,0x34222107
1370,0x12330044,573784899,0x33313333,0x681023
1371,0x32333206,570756880,0x32233222,0x114210
1372,0x11456e,555880870,0x10210500,0x124a04
1373,0x10322203,469775290,0x2500a833,0x32940033
1374,0x33323f00,4416819,0x21990005,0x313d0032
1375,0xd18b50,859054145,0x4334e900,0xe7250044
1376,0x30006100,572622624,0x6b20da10,0x4324db10
1377,0x23f80023,310706194,0xaf00e422,0x94003211
1378,0xd8002234,9380145,0x21113266,0xa6009e10
1379,0x3840ad00,27463890,0x18001164,0x87004311
1380,0x5d10fd34,2084596992,0xd51013a1,0x1023b720
1381,0x22333b08,3457178624,0x10214a00,0xea2b601e
1382,0x67003820,825367296,0x250032a7,0x11323433
1383,0x18005a00,843907122,0xc1109623,0x3002322
1384,0x1e0133,281157955,0x12fb00d4,0x10232211
1385,0x11e42160,809238813,0x223215c,0x433308
1386,0x54331224,1394746453,0x23345413,0x12125011
1387,0x5205921,539697368,0xd400222f,0x33444d00
1388,0x44322032,858955809,0xc6324343,0x300bf01
1389,0x21533233,1125519422,0x1300336c,0x11345802
1390,0x540e22dc,1124247892,0x55140045,0x12213901
1391,0x118e0b01,876888942,0xa201e10,0xd335702
1392,0x34343443,185671457,0x68aa0044,0x2040045
1393,0x3003322,2672116788,0x34438512,0x1109751
1394,0x2e010401,858777856,0x33760023,0x7f206301
1395,0x89110300,543367407,0x33dd0118,0x91005702
1396,0x88002c00,2281710455,0x11007e10,0xfc2144
1397,0x700e00af,35061827,0x447b0072,0x28451113
1398,0x7003445,871301428,0x3e35434,0x32a030c
1399,0x3133550b,2046821122,0x414712aa,0x1530300
1400,0x2a0143e2,687980610,0x43436712,0x33455554
1401,0x12544430,889303263,0x18553453,0x233545
1402,0x447500f1,63456563,0x12d7005b,0x55990255
1403,0x20811234,874725895,0x1454312,0xae00db0b
1404,0x31c110,862978308,0x300c802,0x2133340f
1405,0x3df0022,284885252,0xb322e31e,0xde106c01
1406,0x344343,4224319491,0xb003c10,0xaa23a312
1407,0x13346f00,2081165544,0x302c0023,0x10331007
1408,0x431a111c,1292940099,0x1530234,0x54228f
1409,0xe7b2112a,3389234944,0x54431b11,0xf7011b11
1410,0x444d2200,1109610241,0xd044b01,0x98c31034
1411,0x34450120,503527680,0x1f311123,0x13555543
1412,0x11af111f,16191995,0x45451a03,0x240e0445
1413,0x35342118,2032327457,0x135702,0x23730208
1414,0x52001312,318247597,0x23c933,0x33011011
1415,0x3e39f20,29036738,0x423444ad,0x4c00d310
1416,0x4327039f,326304036,0x1097007b,0xe73b1340
1417,0x22100221,893771028,0x1320f721,0x45021730
1418,0x44545522,614531363,0x8004462,0x4345a300
1419,0x55070045,1413829655,0x112bb01,0x18245d
1420,0x2e13de05,303188737,0xf72315,0x43ee0369
1421,0x5914ce,336671858,0x2b046e,0x3e23203
1422,0x12700345,877941868,0xaf33ff04,0x230380
1423,0x7102203,722560003,0x30fb0923,0x2130203
1424,0x450805df,3608171795,0x55672b01,0x21000310
1425,0x50023355,1090778626,0xcf10ff,0x33b12e2
1426,0x4d1137,891883579,0xad21ff47,0xb120a12
1427,0x2f03b001,3590338832,0x335fb612,0x322f200
1428,0x108610b5,280637745,0x12545f05,0xdb01450a
1429,0xd5004611,2516642560,0x338f01ff,0x2307003b
1430,0x40d20e9,75108972,0x6633fa72,0xa7001b26
1431,0xf8018100,1440546901,0x541a00bf,0x9116b71
1432,0x8210df00,360963088,0x3710df,0xb40255d2
1433,0x17500a21,795872769,0x160fb,0x9c01e6
1434,0x545d0217,3122668804,0x5170346f,0x531810
1435,0x15040133,2412183715,0x5422ee00,0x940324
1436,0x310060c,103898035,0xab03325f,0x21120130
1437,0xffd004e4,219152640,0xee106616,0x54264736
1438,0x920fa14,16717040,0xe82129,0x54325578
1439,0x547f54,65210076,0x12371608,0x12272175
1440,0x8d00fcf6,3289451521,0x86000b02,0x22234201
1441,0x3d23427f,3583015171,0x23112c00,0x5b026f11
1442,0x23453e,43585851,0x115c0088,0x327d359a
1443,0x5d007703,2315419136,0x17210700,0x2b62ed3f
1444,0xce07f010,2257977412,0xa7174221,0x166403c8
1445,0x6444227,322126633,0x34334302,0x15122112
1446,0x57,2147439118,0x675a73bd,0x4e955af8
1447,0x0,0,0x0,0x0
1448,0x0,524816,0x381f1f00,0x3a003900
1449,0x3b0000,3997756,0x3f38003e,0xf00ff000
1450,0x300f900f,12544,0x330032,0xe350034
1451,0x37003600,267390960,0x280fa0,0x2a002900
1452,0x2c002b00,2949123,0xf02f002e,0x800ff00f
1453,0x200fa0,2228257,0x24000023,0x26002500
1454,0xf0e02700,2685399055,0x1900180f,0x1a00
1455,0x1c001b,941490205,0xff01f00,0xfa00ff0
1456,0x110010,318771712,0x15001400,0x16000e
1457,0xf00ff017,135241743,0x90000,0xb000a
1458,0xd00030c,251661824,0xff00ff0,0x400fa080
1459,0x2000100,768,0x50004,0xff070006
1460,0xff00ff0,3757117344,0xff00ff0,0xdff1fff1
1461,0xf00ff0ff,4043305231,0xf10ff00f,0xf0dff1ff
1462,0xff0ff0f,3757178865,0xfff10ff0,0xff0dff1
1463,0xf1ff0ff0,4041208319,0xf1fff10f,0xf00ff0df
1464,0xfffff10f,267444209,0xdff10ff0,0xff00ff0
1465,0xdff1fff1,4027576575,0xf0fff10f,0xf10ff00f
1466,0xf0dff1ff,267452175,0xdff1fff1,0xfff10ff0
1467,0xff0dff1,4060024816,0xf0dff1ff,0xf1fff10f
1468,0xf00ff0df,4294963471,0xff0dff1,0xdff10ff0
1469,0xff00ff0,3757178865,0xf00ff0ff,0xf0fff10f
1470,0xf10ff00f,4041208319,0xff0ff0f,0xdff1fff1
1471,0xfff10ff0,267444209,0x30800ff0,0xf
1472,0x380010,3758096416,0x1101,0xa8cc10
1473,0x300dd03,287105165,0xcc001111,0xddcccccc
1474,0xddddddd,2290649224,0x1f901ff0,0x861ff078
1475,0x88871f80,535852919,0x78771f70,0xf01ff077
1476,0x501ff01f,1716135199,0x1ff06666,0x66661f70
1477,0x1fa01ff0,1701126245,0x1ef1,0x21aaaaa0
1478,0x2300aaaa,1431655898,0x2f1df0,0xcc1e4000
1479,0x1ff01e00,100671360,0x1df0426c,0xf0541f70
1480,0x451fa03f,1146368324,0x1f701df0,0xf0444444
1481,0x1ff0ff1f,535830512,0x1ff01ff0,0x1ff01ff0
1482,0xa6f1f50,503381520,0xf01df0ad,0xd001f001
1483,0x1604001,1197767,0x82321600,0x530300
1484,0x313600,10490643,0x1d103618,0x666
1485,0xc9018031,414483,0x665335,0x11455566
1486,0x43155354,892420358,0x49d04155,0x611312
1487,0x51163166,825307478,0x31353b,0x801fc047
1488,0x300164b,4042296304,0xf001f001,0xff017001
1489,0x2af000ff,117494333,0xdf0c001d,0x80ff1ff0
1490,0xfdf0100,4091543506,0xffd21b11,0x701ff0d3
1491,0x12f00f01,599851504,0xe10350e3,0xd10000ed
1492,0x7d4ef713,3738240816,0x1f0e313,0x7701a0
1493,0x88787888,2273871736,0x770a008c,0x3008788
1494,0x78781400,58161184,0x777778df,0x876f7787
1495,0x7100200,327800,0xb61316,0xaa450318
1496,0xaaaaa257,16780864,0x4506741,0x44455667
1497,0x1a0375,1467263574,0x666777aa,0x76777700
1498,0x77675335,279134311,0x223a371b,0x766753
1499,0x5aa2a367,1252685687,0x77566508,0x27e403a5
1500,0x236842aa,17844992,0x23030047,0x2a4daaaa
1501,0x422a0d30,17878801,0x8030065,0x566532aa
1502,0x233a1400,858984618,0xaa07022a,0x86453aa
1503,0x55565666,1449467136,0x22008456,0x64565565
1504,0x56430300,1700095511,0x560200,0x80e3131b
1505,0xda230003,3668583509,0x53553555,0x450b00
1506,0x16002503,403308709,0xa455aa,0xaa743058
1507,0xa2104455,2080388266,0x5444442a,0x332aaa03
1508,0x4022aa43,1409363992,0x24041032,0x25af00
1509,0x2033a2a8,956314453,0x553aaaa3,0x55430055
1510,0x4554a255,8796707,0x3aaa240b,0x1d0044
1511,0x440054a1,1414814277,0x10454554,0x2a4454
1512,0x4544a20b,2863274308,0x105e0043,0x13332ae3
1513,0x555163,135287811,0x454445,0x10544329
1514,0xa2344537,319488170,0x1e0e763,0x43009700
1515,0x271042aa,662707696,0x405d20c5,0x43443401
1516,0x340950,188805388,0x1ff01350,0x43431f50
1517,0x561800ad,2904424621,0xad0d00,0x340f301d
1518,0xf30f00ff,4026659071,0x13fce301,0x6f743b5
1519,0x55670bb,806294579,0x11541301,0x14150041
1520,0x14134144,822100324,0x55211125,0x20555556
1521,0xf7756066,290657555,0x55130015,0x55313551
1522,0x51005531,1432753510,0x72005566,0x56010066
1523,0x55e3030f,837497685,0x550700bf,0x314fb03
1524,0x1f001f0,32506352,0x3f010080,0xf0000ff0
1525,0x394f3df,332611574,0xfb3333fb,0x801ff0
1526,0x11121f1b,289223634,0x3f3d1100,0x23d11233
1527,0x12332021,304258838,0x1321221,0x3122dd12
1528,0x13d2d32d,4043120867,0xfdf0300,0x1ffd00
1529,0x1fd100fd,1024524531,0x1100f200,0xdf00f121
1530,0xf0f96711,3506561133,0x14f3b3de,0x78136403
1531,0x3ca037d,331876311,0xa47888e4,0xa6888800
1532,0xaaa788aa,39346602,0x8872133b,0x3a45777
1533,0x2aa78ca,4026659070,0x33964301,0x6458aa24
1534,0x76bf03,974344195,0xaa005664,0x3a377775
1535,0x10677776,7756458,0x67743a17,0xc753e0a5
1536,0x6c00cf02,2862839670,0xaaa3002a,0x333567aa
1537,0x77106765,704669302,0x653aaa76,0x5aaa6610
1538,0x6663cb03,59193958,0x666764e3,0xf0020066
1539,0xd9023401,4009951504,0x3125056,0x75556e2
1540,0x36566e6,1458578418,0x13000465,0x554f65ff
1541,0x56560700,65077187,0x12001f0,0x40ba17c0
1542,0x45aaa401,816457045,0x23044555,0x55541500
1543,0xda5454,1158086667,0x16910c20,0x45f10323
1544,0x2234540f,52297812,0x133c10c9,0x12080e7
1545,0x44344322,927181346,0x3c032245,0x1455eb03
1546,0x54120163,1646559858,0xaaa45444,0x24310054
1547,0x4463218d,723792708,0x2201f0,0x7b038e2c
1548,0x304444a2,1092743209,0x233e32a6,0x4d413aa
1549,0x4047f0b2,1140081409,0x44432a17,0xd043f214
1550,0x430a041f,4144225275,0x220b00,0xaddb040b
1551,0x3005300,4294158971,0x762701f0,0x47260300
1552,0xc0ef03cf,3004629920,0x31111106,0x33403165
1553,0x33550300,1393897829,0x11111500,0x13315553
1554,0xd7564053,375809725,0x125263,0x51313111
1555,0x53133313,855905632,0x1135fff7,0x3351441
1556,0x56314141,535839793,0x41004100,0x14311465
1557,0x37154154,152589333,0x501b0,0x18141003
1558,0x1ef8fe1a,4279435760,0xc1030300,0x11001f0
1559,0x3dfd0021,4292023075,0x2201df3d,0xdff0fffd
1560,0x1e08fd33,589889376,0x13fd1f40,0xd300f1
1561,0x3dfff1df,3747835746,0x11111304,0x73095fff
1562,0x540945f0,6225920,0x9845ff03,0x14f1680b
1563,0x140800cf,341116928,0x44000a0f,0xff17f444
1564,0xcd03005d,468663292,0x5bcbf9fb,0xf07b140f
1565,0xc625521f,528490480,0xf0777775,0x7701701f
1566,0xf0344731,1379897439,0x1ff06766,0xf0afb1ff
1567,0x71f801f,1881141461,0xf0e71301,0x170ff1f
1568,0xa010e313,2649879323,0x1f004701,0xf0f8cb4b
1569,0x1301001f,1881141445,0x23344501,0xf00b5cef
1570,0x3a7f311f,1065361392,0x1ff07c03,0x40170df
1571,0x1ff04226,3724746624,0xfff11ff0,0xf01ff0f5
1572,0x201df01f,507555103,0xfd1df00a,0x1f001f0
1573,0x314eba3,2674381587,0x6bd00b31,0x7aa0531
1574,0x30465be,359530773,0x1724c2dc,0x64140110
1575,0xe7135315,357630257,0x35125253,0x3add0531
1576,0x80655,939532112,0x41030015,0x41fd0782
1577,0x13531115,1616184582,0x67e40360,0x411454ff
1578,0x45025414,1364465172,0x311e0016,0x551e00bb
1579,0x3f620314,5565315,0xfe0f1003,0x1f0f6f3
1580,0x1f001f0,32506352,0xf35f3a04,0xf140300
1581,0x9fb21364,839126853,0xf0fe0120,0xf001f01d
1582,0xf583e101,92210588,0x16436552,0x63165105
1583,0x3203156,376992513,0x27901300,0xaf131711
1584,0x353115,320024849,0x13163154,0x5ff5c1
1585,0x1531141f,50344291,0x3003568,0xd661ff0
1586,0x11431199,825430786,0xed431431,0x9b7659f
1587,0x7600159c,457477,0x118a4184,0x111600ef
1588,0x33216000,825122816,0x65030055,0x53100360
1589,0x311e00,302334246,0x15064163,0x66416300
1590,0x41316335,291832150,0x31666013,0x269fe14
1591,0x11466666,1041109844,0x3e0ea015,0x161df616
1592,0x11531164,825442560,0x14534414,0xf0646c15
1593,0x36ff109f,2131689216,0xe0d55316,0x62b010bf
1594,0x410300,1223836680,0xf001f0fe,0xf001f001
1595,0xf001f001,16031745,0x112602f,0x9b0a133f
1596,0x320671b,376187653,0x93110f00,0x2f272b06
1597,0x4166635f,1373503750,0x51414531,0x6c59303
1598,0x6bfd183,1078400102,0xc0400754,0x5f07e8f7
1599,0x15531166,62272277,0x1f406399,0x266f13
1600,0x31d72f6f,3229681258,0x211935f,0x19003329
1601,0x63130155,1662346598,0x70030013,0xb2030031
1602,0x66e7015f,1315320166,0x33e81331,0xc151431
1603,0x9fe02b,1061294975,0x81f12000,0x1f001f0
1604,0x1f001f0,4026659069,0xf001f001,0x701f001
1605,0xf80bf0e1,9564223,0x98cfe603,0xf003100f
1606,0xd401f001,125044724,0x16730916,0x63166e01
1607,0x1263150a,1699024226,0xad064f0f,0x3115f75
1608,0xad0a51aa,324397827,0x2f17ecf7,0x1f50e313
1609,0x10eb4334,1058231043,0x5e052311,0x1f709f05
1610,0x1a00cb09,554435376,0xd0212312,0x6e7093f
1611,0x3200df41,18213651,0x21cd0bce,0x52b170c3
1612,0x21502a,535696643,0x15416660,0x41631604
1613,0x3001315,556803377,0x801f2e15,0x4111555f
1614,0x44152016,1097073408,0x2b112116,0x7e001621
1615,0x121e0016,772938256,0x10e313e0,0x540e0403
1616,0x21355411,4278211395,0x66600532,0xa4262a0e
1617,0x319f00ab,322043648,0x780215eb,0xa0ff9e06
1618,0x10cc165f,335745197,0xf03ff62c,0xfd01f001
1619,0x1f001f0,32506352,0xef8301f0,0x6d033453
1620,0x703f0555,939996095,0x1355de00,0x13113d4b
1621,0x4007740b,525340438,0x47404715,0x13400741
1622,0x5f275211,525337364,0x31740795,0x15b50714
1623,0x55e311,2681196863,0x66a875,0x6112603
1624,0x8081bf21,358814751,0x4531365,0x3156036e
1625,0x12665411,1593867520,0x31bf9f95,0x551e0055
1626,0x557e01,5405822,0x70072e7e,0x4627069f
1627,0x7f11122b,4034843186,0xf001f001,0xf001f001
1628,0xd401f001,2802254160,0xf0e70cf0,0xaff0d104
1629,0x71ac0c0,841103045,0x1442222,0x64444492
1630,0x2424292,54476862,0xff111fe7,0x9911ff
1631,0xf1111666,4294512994,0xff91600,0xf3ff500
1632,0x293f0f00,134479887,0xebf3f72b,0xf0ff01f0
1633,0xf0f7f301,503281434,0xf7fff751,0xa6fff7ff
1634,0x1500130,120673910,0x316819ff,0x3e06435c
1635,0x11ff845,298910109,0x13531e13,0x26e60d13
1636,0x2de857f,109078053,0x46064399,0x56064331
1637,0xf77e60ff,4160747519,0xf7fff7ff,0xf79df0ff
1638,0xfff7ffff,4294442999,0x1f0fff7,0x1f001f0
1639,0xf0d201f0,333387521,0x13311f01,0xde162301
1640,0xd700e303,551227494,0x1df27df,0x1300332a
1641,0x15530065,1079207525,0x66e80356,0x6531414
1642,0xf0444016,1147168329,0x88165411,0x41651f21
1643,0x601ff015,1410274150,0x5311146,0x3122002f
1644,0x9e11df,332086,0x66051416,0x65441603
1645,0x8511254,945034271,0x3ff04154,0xa01f1f08
1646,0xe413145,1128355094,0xbb0d9f78,0xf5069f48
1647,0x53380380,1258374918,0x35510313,0x56085f02
1648,0x2114631,827736993,0xbfbf3670,0xbe01e700
1649,0x41115466,339821829,0xa2001544,0x807ff035
1650,0x6131c,6635843,0x300ff65,0x1f04bf1
1651,0xefd301f0,51445551,0x9200dceb,0x23f66222
1652,0x3ff329,572664102,0x2222923f,0x3006f40
1653,0x222923f0,687875824,0x492aff44,0x393322
1654,0x922300f6,2451702003,0x300f240,0x24220f62
1655,0x4400f639,1123428644,0x1ff62942,0xf3639222
1656,0xf001f0f6,4093767681,0xfff7f607,0xfff7fff7
1657,0x154ffe7,824969957,0x44315100,0x43135331
1658,0x9e05fc12,2139979781,0xbf1d4704,0x52114f14
1659,0x7fed1170,53535507,0x13550654,0x6606521f
1660,0x102aff07,4294442999,0xf7fffff7,0xf7fff7ff
1661,0xf7fff7ff,4160747519,0xfefff7ff,0x1f001f0
1662,0x1f001f0,3766944240,0xba600370,0x20601f01
1663,0x31c50d7,55596259,0x12650e31,0x60015541
1664,0x8a03bf90,3943940373,0x25151f01,0x1142111
1665,0x3f0fc03e,1161944961,0x55415411,0xf544423
1666,0x3411439a,906100721,0x413a01a0,0x53310300
1667,0xe0135112,3752427543,0x55559a0f,0xdf156541
1668,0x2b080300,861919332,0x109b18e3,0x80031403
1669,0x31569fb8,825626966,0x15430015,0x31641563
1670,0x111d2665,2679268949,0xf80f7700,0x97eb1354
1671,0x25219e02,2690031105,0x13e3037f,0x6443eb
1672,0x53211103,3128819718,0x1f0fc5f,0x1f001f0
1673,0xfbf3e3a3,648413552,0x36322907,0xf707f693
1674,0x110caf3,4145611007,0xf001f0db,0xd001f001
1675,0xf493208f,575222643,0x73f49390,0x93f00f63
1676,0xf0fa01f0,4026658817,0x7001f001,0x72009fb2
1677,0xee08811f,4026593567,0xfa0c9913,0x1fff110f
1678,0xfcfe1891,4027578875,0x1f0fd01,0x73fd01f0
1679,0x9379734d,4177557488,0x1f0fa93,0x1f001f0
1680,0x30000e1,4026740767,0x87101347,0x1f0fff
1681,0x507b7087,10051447,0x300110c,0x1f01cf1
1682,0x1f001f0,3666579,0xff87103f,0x507f3e0f
1683,0x40916f7b,294982007,0x87108800,0x1f001f0
1684,0xf001f0f7,16503035,0x7f01910a,0xfbd07fa0
1685,0xf07ef0ff,4026658817,0x20fbf001,0x107f1187
1686,0xfbf0ff6a,2400254784,0x1f001f0,0x1f001f0
1687,0xf0ff01f0,4026658817,0xf001f001,0xf001f001
1688,0xfa01f001,4093379056,0x1389f36c,0xc64f36c
1689,0x920056f3,2465555010,0x83f6622,0x33ff2923
1690,0x11661319,370082833,0xfff91,0x60ff0002
1691,0xc8f0439,4129891059,0x937f3300,0x6af01339
1692,0x7ff001f0,1939701744,0xf7559339,0xcd369329
1693,0x7f002f73,4118802467,0x7ff001f0,0x7ff07ff0
1694,0x627f0024,1711574533,0xff872923,0x11f67f20
1695,0x1921120,4287717888,0x1af5600,0x7f00f503
1696,0xf47f803f,4026659051,0x7ff0d57f,0x227f80
1697,0x7f00627f,25112823,0xf392111f,0x192f911
1698,0xf5620000,794165263,0xf657000f,0x403f7f00
1699,0x4c40fb7f,2146435568,0xf17ff0ea,0x667f007f
1700,0xff7f00,838567807,0x1fb807f,0x1bf31eff
1701,0x134b2713,4042652656,0xf07ff001,0x68ff807f
1702,0x60f27f00,2163634047,0xf6ff01fb,0x7f807f11
1703,0x1f0fbf0,4026659071,0xf001f001,0xf001f001
1704,0xf001f001,32562433,0xe260f19,0x101f2aab
1705,0x581b2103,1040396480,0x32126620,0x136365
1706,0x16636533,375481939,0x1a165326,0xfe1313ef
1707,0x315b19df,334564254,0x25fe2e53,0xb5ebf9f
1708,0x67853a5,1611531040,0x1410672c,0x311116
1709,0x12332166,341061971,0x65315308,0x56030035
1710,0x65383155,2403286545,0x148a103b,0x310b6541
1711,0xc541431,2146456634,0x11007f10,0x33131453
1712,0x39143141,535834947,0x2d0c4400,0xe30d1300
1713,0xf1411eff,4026658827,0xf001f001,0x3176b001
1714,0x32163857,60869418,0x63119330,0x23003006
1715,0xf4009800,1697863270,0x55661300,0x66063136
1716,0xaf02e016,3658088880,0x11366366,0x55310131
1717,0x65151331,4022337073,0x490dff00,0xc31530d
1718,0x30e91098,73400596,0x31360011,0x55d20133
1719,0x2f0dfe06,925696784,0x68105741,0x3f00433f
1720,0x31130963,1593860885,0xdfaf5363,0x66551baa
1721,0x155f0f,1577071454,0x55313f53,0x5fa19fa1
1722,0xe3015b01,32508401,0xf001f0e0,0xa001a001
1723,0xaaaaaaaa,3435973644,0x902c0cda,0x15
1724,0xbbea,2863312570,0xccabea03,0xaaadcc
1725,0xc013001e,839909680,0xbbbaebbb,0xaa20baab
1726,0xbb0310ab,2896931563,0xacaaaa10,0xa1f50
1727,0xa000aaa,179224224,0x20ebabea,0x110baaa
1728,0xcacabbbb,1623867818,0xaaaa0a3f,0x18200aba
1729,0xeb5d0080,2931731114,0xca105aee,0x5fa0545a
1730,0xaabbabbb,536914784,0xabae0300,0x30a5baee
1731,0x3f70a4ac,3148553984,0xaa01beae,0xaabbebba
1732,0x4830baba,543133914,0x3d10bb1f,0xbb6800
1733,0xea58aa03,4040040192,0xae6b40fd,0xea0dcccd
1734,0xf04444ac,169811997,0xaa071e01,0xad444444
1735,0xf2ef1df0,280553283,0xf7032603,0x1f7d3f1f
1736,0x48531134,1367737105,0x63500265,0x15145216
1737,0xbf0f5665,314548064,0x55550012,0x53152313
1738,0xfff4315,222170602,0x131e70de,0x12992f67
1739,0x68620d6d,1345806176,0x58103101,0x58531565
1740,0x15f70321,1608417293,0x18541115,0x133131
1741,0x129e0e03,559555089,0x4155fde,0x51030063
1742,0xa310300,337715730,0x2111fd0,0xef5583
1743,0x28b1274,3725394169,0x1f0a322,0xf0fb01f0
1744,0xf001f001,1400827649,0x5b0142eb,0x6607fef
1745,0x30056d03,892417635,0x53110f51,0xfd0e1355
1746,0x1f70bf0e,278127379,0x5653103,0x4116552
1747,0x18c5001d,22225190,0x664d01a6,0x31005106
1748,0x13516531,274925138,0x1065215,0x13560646
1749,0x16002e63,5663745,0x53052feb,0x313c66e7
1750,0x1032445,1074734176,0x2263145f,0x81011115
1751,0x1564113,304572001,0x557e0011,0x3ff8166
1752,0x405a01e3,837489493,0x12521352,0xe021f365
1753,0xeb135fb1,839994133,0x7700bf04,0xf01d70fe
1754,0xf001f001,318869505,0x230380e3,0x2455da00
1755,0x3555daaa,184592467,0x25030045,0x55aa1a40
1756,0xaaaa18a4,1577786,0xa2445501,0xaa34aa00
1757,0x442a2aaa,3713271364,0x40dddaaa,0x32015016
1758,0x24041080,631941794,0xaa06aa23,0xda4adadd
1759,0x3c002a00,1129644117,0x54a25555,0x3a422345
1760,0xaa240b00,486556730,0x5aaa00aa,0x4a454ada
1761,0x54004aaa,1146373445,0x44542a,0x4544a245
1762,0x43aaaa44,274596032,0xa4332a34,0x6dda5ad
1763,0xaaa4aaa5,7078740,0x5408451a,0x10544554
1764,0xa2344537,184592963,0xadddadaa,0x1e107f20
1765,0x150e4,2856517783,0xad171042,0xaddd30dd
1766,0x27601fd0,3661906995,0x2b00ae51,0x340c004a
1767,0x16404344,3421232,0x430b400c,0x55434344
1768,0xad1800ad,11345408,0x1d00ad0d,0x340f30b8
1769,0xff130f00,3141542404,0xb4041cbb,0x1001b04b
1770,0x1b1013,264000,0x4bb400,0x30023
1771,0xb208007,3020180404,0xca4bbbbb,0x3f906010
1772,0x33004444,1141838004,0x1ff0447f,0x1f005300
1773,0x1f605fe0,989856640,0x102b00c3,0x4440041c
1774,0xf2044,118553181,0x3fc00f00,0x13001f0
1775,0xb41b0040,4028825847,0x14019,0xcf00441a
1776,0x13001f0,4036444399,0x41f6018,0x40f01f00
1777,0x3008070,1072739427,0x40047e70,0xf080f04b
1778,0x1f0ffbf,32538608,0xb3213a01,0x5ff018f0
1779,0x40b601f0,210808833,0x410fa05,0x2003109e
1780,0x2bf0017f,32506352,0x1f001f0,0x1f001f0
1781,0xf0fff3fa,4026744835,0x54012001,0xa40a70
1782,0x255545aa,1162171818,0x1510aa43,0x54545554
1783,0x7000b00,203441512,0x3231894,0x345445f1
1784,0x54223e,281608990,0x20e7133c,0x43002201
1785,0xaa224434,3693233475,0xeb035c03,0x4631455
1786,0xaa725442,3272848930,0x70454,0x10102431
1787,0xdb33e403,32516900,0x32c0022,0x6e0ca23a
1788,0xf0c22920,704720929,0x13aa2332,0x421faaf4
1789,0xb6044344,26250080,0xfb430a04,0xf703dd
1790,0xb002a0b,1392818948,0xbf571432,0x244ff83
1791,0x9ff30e,1400849246,0xff0334df,0xbfa30320
1792,0xdff33330,3005374388,0xbff3c303,0x1036c3ff
1793,0xf001f007,1085785134,0x101b0301,0x343fe9f
1794,0xbf84b390,757095204,0x74108f00,0x1f10b740
1795,0x60972304,1258308639,0xaf101720,0xc02700fd
1796,0x160005f,345441299,0x270144b7,0x20a324ff
1797,0x23680013,877596835,0x3ff04b,0x1b00ff72
1798,0x1f907bc1,2605743904,0x3508720,0x10ff2331
1799,0x1023201f,356716654,0x300f401f,0xfdd3a55f
1800,0x3007b21,1804713840,0x1807bf1,0xfff70302
1801,0x3100304,32508688,0x1f001f0,0x1f001f0
1802,0xf001f0fd,469738241,0xf0f31beb,0x6f08001d
1803,0x55552c,185846814,0x1df0,0xf0c513e3
1804,0x4501701f,1578115892,0x7bbe1ff0,0x1ff03a4b
1805,0x40033f80,2793742320,0x42aa37a2,0xe6951ff0
1806,0xcb7ff044,2820665579,0x40ad1fa0,0x1df00a1e
1807,0x0,348606990,0x2d2628e4,0x3d8a3548
1808,0x4a0e41cc,1452429904,0x7fff14c7,0x52d7677d
1809,0x3e11,2147439118,0x5adb739e,0x137f4fff
1810,0x1e1f2a15,2133721208,0x4bcf4de5,0x4e300ae3
1811,0x7c1f,2080330254,0x4ed8677d,0x216e3a13
1812,0x14c7,0,0x0,0x0
1813,0x0,1251365390,0xa00060,0xd0304c1
1814,0x1d881545,770450858,0x212a0000,0x45c735f0
1815,0x62900443,21006,0x10400c00,0x20a31861
1816,0x2d2724e5,967521641,0x63180000,0x35f04a96
1817,0x212a,2147439118,0x4e306f37,0x3bbe212a
1818,0x19b11a77,2111967743,0x7ff876f5,0x735a0ae3
1819,0x594a,0,0x0,0x0
1820,0x0,0,0x0,0x0
1821,0x0,0,0x0,0x0
1822,0x0,0,0x0,0x0
1823,0x0,0,0x0,0x0
1824,0x0,0,0x0,0x0
1825,0x0,1528457085,0x46544eb7,0x2d8d39f0
1826,0x14c7212a,556405959,0x39f02d8d,0x4eb74654
1827,0x677d5b1a,1048580,0x1c000e,0x38002a
1828,0x540046,131158,0x81f040f0,0x40000004
1829,0x41f0,1073741826,0x41f0,0x81f040f0
1830,0x20008,1106264064,0x40f00000,0xc81f0
1831,0x40000002,16880,0x81f040f0,0x20010
1832,0x41f04000,1089470464,0x1481f0,0x40000002
1833,0x41f0,2180006128,0x80018,0x90000
1834,0xa0001,983042,0xa0003,0x3c0004
1835,0x5,65535,0x180010,0xf000003c
1836,0xf001f001,1610719233,0x660066,0x111360
1837,0x14004160,372334592,0xa556000,0x66000016
1838,0x10000300,1711276035,0x11000666,0x6531
1839,0x651444,1717900627,0x13555300,0x14555311
1840,0x65530814,1255162901,0x666666,0x54114460
1841,0x41431516,1429542148,0x1ff01541,0x13006660
1842,0x31114653,139728177,0x43153154,0x67f40
1843,0x65110036,1695749632,0x34001666,0x51135465
1844,0x2134114,357904725,0x3ff04154,0x31660066
1845,0x14511135,1359298885,0x54315515,0x11bf70
1846,0x331327bf,106148352,0x33200380,0x31000300
1847,0x13000006,100,0x66664135,0x11464156
1848,0x16415600,910251587,0x5cb0a055,0x64f50006
1849,0x41115466,339821824,0x15411544,0xf0354054
1850,0x1100007f,117442132,0x654143,0xf1030055
1851,0xff01f04c,32506352,0x1f001f0,0x1f001f0
1852,0x1e2101f0,503408213,0x131e0131,0x30151201
1853,0x31110e03,251663872,0x1a011f00,0xc910c800
1854,0x53003001,340994816,0x55550041,0x53541431
1855,0x31c81553,105271391,0x161e0166,0x41361164
1856,0x11e0111,523260960,0xa0131311,0x157141
1857,0x15531540,1394218289,0x3001331,0x60ff41
1858,0x126e6021,1644187410,0x616b0016,0x32d351a0
1859,0x53212501,1429296723,0x55100320,0xae001531
1860,0x31333335,27206105,0x7e020096,0x55600310
1861,0x1400ff11,1093735489,0x30314415,0xbfa15531
1862,0x641e711,285238880,0x41313664,0x70131354
1863,0xe1420241,325849100,0x3531311,0x51131414
1864,0xdff14315,1409338368,0x53065311,0x7f065431
1865,0xf0741051,4026658817,0xf001f001,0xff01f001
1866,0x1f001f0,32506352,0x1f001f0,0xe7530170
1867,0x6003009f,285409297,0x204a1133,0x40e30301
1868,0x31035054,1430327893,0x55551866,0x30f12166
1869,0x41115501,3943896416,0x2515aa03,0xc142111
1870,0x55555556,525365010,0x45283154,0x34380011
1871,0x4355eb03,288570129,0xc2111e00,0x3151f70
1872,0x803c006d,1395720960,0x65155112,0x56650255
1873,0x60066606,3356565328,0x8c02c301,0x3001465
1874,0x7111551,1431725396,0x12e20165,0xdf0120b2
1875,0x300e333,609092192,0x14130203,0x1f400f
1876,0x11564156,1125466422,0x16541500,0x26653154
1877,0x6551f11,314507350,0x1308f,0x40a50477
1878,0x15eb1354,622933281,0x55561e55,0x70a20456
1879,0x13e3037f,8410347,0x54211103,0x65555506
1880,0xf10f25ff,4026658886,0xf001f001,0xf001f001
1881,0x1f0e501,3713073648,0x3003553,0xecf36356
1882,0x1f91a001,324096785,0x650001eb,0x52113d12
1883,0xe0a0de01,22078227,0xc0200135,0xbfa11e01
1884,0x11115315,1361597205,0x16eb0355,0x5531be01
1885,0xdf01f465,1063397124,0x4355a001,0x3f0655eb
1886,0xc2131260,527457280,0xf753df01,0x23500304
1887,0x13311fd2,1410614725,0x15510631,0x12132154
1888,0x1ea00b,820188097,0x13151303,0x7f003552
1889,0x29f00e4,1407152160,0x56030055,0x9804fa53
1890,0x1d00ab02,2534711074,0x31981456,0x13d7019b
1891,0x30b71452,3674543107,0xa0ffd615,0xf001f0a4
1892,0xf001f001,4026658817,0xff01f001,0x1f001f0
1893,0x1f001f0,32506352,0x1f001f0,0xf001f0f8
1894,0x215ff801,4196602,0xb65216,0x3005103
1895,0x2616db07,1614882431,0x54110a,0x165e0446
1896,0x110300,558191937,0x42155541,0xbf254178
1897,0x3508c12,342268418,0x14653641,0x6606b202
1898,0x675ff854,2033311,0xa7f31453,0x1f001f0
1899,0x1f001f0,4026659070,0xf001f001,0xf001f001
1900,0x63e0101,2148087401,0x353ae07,0x93653ce
1901,0x13602f19,1463209731,0xb555f,0x71c0303
1902,0x11341563,273614179,0x901ff103,0x13313f29
1903,0x51459f07,3502261553,0x65ba131f,0x53663136
1904,0x53133813,2801868288,0x416649d8,0x15110813
1905,0x80091411,3881124629,0x2f159f59,0x2160db07
1906,0x3907e401,65078064,0x5a7f20ef,0x5312333f
1907,0x20280406,3254805862,0x13655665,0x66603165
1908,0x2d009ff0,3237425,0x11689f,0x63ffa9f
1909,0x61659c05,1397817446,0x53515651,0xc0d33531
1910,0x15df309f,1094967328,0x1ff08418,0xa666628
1911,0x1c00455d,1799439380,0x38ffc755,0x920611e1
1912,0x16e10843,3176718360,0xdd14b058,0x63135311
1913,0xa337413,4047833281,0xd50266ab,0x150f0653
1914,0x653131,4030789758,0xff01f001,0x1f001f0
1915,0x1f001f0,32506352,0x1f001f0,0xf001f0f5
1916,0x5601f001,50340992,0x5c030034,0x52030454
1917,0x1301fe05,1393647478,0x21554110,0x4165c115
1918,0x25165255,1577473041,0x76e20155,0x5430115f
1919,0x17eb1315,1108415135,0xbe05bf15,0xac20116
1920,0x13a7384b,318968035,0xf713afef,0x425d0054
1921,0x1f0bff5,32506352,0xf001f0ff,0xf001f001
1922,0xf001f001,1107423233,0x14130050,0x14165666
1923,0x132b6316,1157825556,0x53001ec1,0x500b05e7
1924,0x11360531,1714519815,0x21662606,0x1f01de06
1925,0xe3136660,1311504,0x31143153,0x55311165
1926,0x6b076647,1498620198,0x10e31347,0x13532303
1927,0x3135ce0d,1972581,0x51606d17,0x413e07a0
1928,0x5f000350,4118675475,0x5a718007,0x340e313
1929,0x15800921,1450211841,0x3f693b00,0x1665e313
1930,0x550a3153,1266451,0x5e08357d,0xf04f456
1931,0xe3131f60,135529232,0x28653180,0x5fda1431
1932,0x53450c53,1696797461,0x319b0053,0x7c005155
1933,0x27ea0,827527441,0x31200a51,0xc6300e8
1934,0x555fea75,323341084,0x3654314,0x311353ef
1935,0x1e0025,3751384191,0xbe0a5415,0x54be0a54
1936,0xdf08f811,3753385472,0x320e303,0xb314133
1937,0x53135212,73752321,0xc31f8925,0x340e703
1938,0x64124316,4060126977,0xf020faff,0xf001f001
1939,0xf001f001,4026658817,0x1f0ef01,0x30065d2
1940,0x100b8c36,623075595,0x5327abf,0x6d704bf
1941,0x6541027e,2100632838,0x2f7e0631,0x63fc65f
1942,0x358a017f,13791233,0x667ff503,0x65315b0d
1943,0xb563de05,2019815937,0x6660351e,0xd130300
1944,0x6bf7f,828243974,0x40dfcf47,0x38ab0c03
1945,0x1f5eef3f,2134803230,0x1a0e36,0xf0390aa2
1946,0x3d02e1e9,532144118,0x21531131,0xf6ffe025
1947,0xf52f9f3f,4026659036,0xf001f001,0xfd01f001
1948,0x1f001f0,32506352,0x806101f0,0xe1431d32
1949,0x3405f81,107409168,0x1b046065,0x53032080
1950,0x31160665,26936853,0x515606fc,0x133f10df
1951,0x7d31830d,26872014,0x33315e2,0xb9df4991
1952,0x3fb65c3,30089053,0x16332ae,0x740b60c0
1953,0x1805e00,375805137,0x13265315,0x36521506
1954,0x891b3631,1846649335,0xc5d0761,0x400231b4
1955,0xbf08bff1,3741449521,0x7f00e20f,0xcb129fe2
1956,0x6003f0a,84311891,0xf0a7f333,0xf001f001
1957,0xf001f001,32571137,0x1f001f0,0x1f001f0
1958,0x1f001f0,3119514096,0x2df77376,0x537e8617
1959,0x7141666,873681747,0xe5bf0541,0xc1e313ff
1960,0xef130310,286479699,0xf0bf0565,0xbf752f02
1961,0x350e303,1630875955,0x655f05bf,0x77617e05
1962,0x350e313,1024335878,0xa55f05cb,0x23163f
1963,0xe33f4303,3199181586,0xe30331bf,0x6030021
1964,0xd86005e,3206933503,0xdfb6ff8d,0x56df0625
1965,0xdf603f00,1357059015,0x23122103,0x3fb6ff05
1966,0x10ffe753,4169995267,0xf001f057,0xf001f001
1967,0xfe01f001,32506352,0x1f001f0,0x9fa901f0
1968,0x6860eb73,2976056594,0xe303665f,0x43315556
1969,0x151e0115,18948881,0xe71fb1ff,0xe7137517
1970,0x21236b13,3753968130,0x13b73701,0xda1336e7
1971,0x1121d04,1904152477,0x1114242,0x213331f3
1972,0x533b0265,572391577,0x927f0065,0x55313f
1973,0xe12f8321,1394677297,0x1b7a0615,0x7fa0f081
1974,0x2308e605,556073728,0xd0db5212,0x63f0a7f
1975,0xde07eb13,306121222,0xa216ff5f,0x1f006f1
1976,0x1f001f0,32506352,0xf0f801f0,0xf001f001
1977,0x1f001,1,0x180010,0x30000020
1978,0x11111001,3422556433,0xddd1cccc,0x1dd1dddd
